mean_fit_time,std_fit_time,mean_score_time,std_score_time,param_subsample,param_reg_alpha,param_random_state,param_n_estimators,param_min_child_weight,param_max_depth,param_learning_rate,param_gamma,param_colsample_bytree,params,split0_test_score,split1_test_score,split2_test_score,split3_test_score,split4_test_score,mean_test_score,std_test_score,rank_test_score
5.136188077926636,0.12674389546312773,0.01044607162475586,0.0026042124228218707,0.6,0,1,300,2,5,0.01,2,0.6,"{'subsample': 0.6, 'reg_alpha': 0, 'random_state': 1, 'n_estimators': 300, 'min_child_weight': 2, 'max_depth': 5, 'learning_rate': 0.01, 'gamma': 2, 'colsample_bytree': 0.6}",0.8985915492957747,0.9011299435028248,0.8898305084745762,0.884180790960452,0.884180790960452,0.8915827166388158,0.00711225023396927,1
4.34440507888794,0.9539253713706335,0.009569072723388672,0.004293709107519315,0.8,0,1,300,5,3,0.02,5,0.6,"{'subsample': 0.8, 'reg_alpha': 0, 'random_state': 1, 'n_estimators': 300, 'min_child_weight': 5, 'max_depth': 3, 'learning_rate': 0.02, 'gamma': 5, 'colsample_bytree': 0.6}",0.9070422535211268,0.9096045197740112,0.8785310734463276,0.884180790960452,0.8785310734463276,0.891577942229649,0.013851078215651126,2
3.439958953857422,0.16848732046218248,0.007809734344482422,0.0007547397850894975,0.8,0,1,300,2,3,0.01,1,0.8,"{'subsample': 0.8, 'reg_alpha': 0, 'random_state': 1, 'n_estimators': 300, 'min_child_weight': 2, 'max_depth': 3, 'learning_rate': 0.01, 'gamma': 1, 'colsample_bytree': 0.8}",0.895774647887324,0.9124293785310734,0.8813559322033898,0.8813559322033898,0.8813559322033898,0.8904543646057134,0.012325186146710378,3
5.780797958374023,0.2008155699576639,0.00844578742980957,0.0016205358028132646,0.8,0,1,300,1,5,0.01,0,0.8,"{'subsample': 0.8, 'reg_alpha': 0, 'random_state': 1, 'n_estimators': 300, 'min_child_weight': 1, 'max_depth': 5, 'learning_rate': 0.01, 'gamma': 0, 'colsample_bytree': 0.8}",0.8985915492957747,0.9011299435028248,0.8898305084745762,0.8870056497175142,0.8757062146892656,0.8904527731359911,0.009055081486272817,4
3.9426971912384032,1.1184788725727857,0.01126255989074707,0.0034034475405974713,0.6,0,1,300,1,3,0.02,5,0.8,"{'subsample': 0.6, 'reg_alpha': 0, 'random_state': 1, 'n_estimators': 300, 'min_child_weight': 1, 'max_depth': 3, 'learning_rate': 0.02, 'gamma': 5, 'colsample_bytree': 0.8}",0.9014084507042254,0.903954802259887,0.8813559322033898,0.8870056497175142,0.8785310734463276,0.8904511816662689,0.010383580760831493,5
3.561970329284668,0.22401268991488194,0.0068607330322265625,0.000707258256638484,0.8,0,1,200,2,5,0.02,2,0.8,"{'subsample': 0.8, 'reg_alpha': 0, 'random_state': 1, 'n_estimators': 200, 'min_child_weight': 2, 'max_depth': 5, 'learning_rate': 0.02, 'gamma': 2, 'colsample_bytree': 0.8}",0.8901408450704226,0.8983050847457628,0.8898305084745762,0.8870056497175142,0.8813559322033898,0.889327604042333,0.005485407139174566,6
5.845797348022461,0.9237663363991404,0.014660835266113281,0.009151488671705043,0.8,0,1,300,2,3,0.05,5,1.0,"{'subsample': 0.8, 'reg_alpha': 0, 'random_state': 1, 'n_estimators': 300, 'min_child_weight': 2, 'max_depth': 3, 'learning_rate': 0.05, 'gamma': 5, 'colsample_bytree': 1.0}",0.895774647887324,0.9067796610169492,0.884180790960452,0.884180790960452,0.8757062146892656,0.8893244211028886,0.01081351223272503,7
3.710456037521362,0.03526471361490807,0.007516670227050781,0.0003587480295515772,0.6,0,1,300,5,4,0.05,5,0.8,"{'subsample': 0.6, 'reg_alpha': 0, 'random_state': 1, 'n_estimators': 300, 'min_child_weight': 5, 'max_depth': 4, 'learning_rate': 0.05, 'gamma': 5, 'colsample_bytree': 0.8}",0.8985915492957747,0.9011299435028248,0.884180790960452,0.8898305084745762,0.8728813559322034,0.8893228296331662,0.010220933999319882,8
2.947736406326294,0.10246462409700614,0.0070473670959472655,0.0006476073663289335,0.6,0,1,200,2,4,0.02,1,0.8,"{'subsample': 0.6, 'reg_alpha': 0, 'random_state': 1, 'n_estimators': 200, 'min_child_weight': 2, 'max_depth': 4, 'learning_rate': 0.02, 'gamma': 1, 'colsample_bytree': 0.8}",0.9014084507042254,0.9067796610169492,0.8813559322033898,0.8813559322033898,0.8757062146892656,0.8893212381634438,0.012354418625049044,9
1.3193785667419433,0.07575801263654633,0.007920789718627929,0.0010796956015901014,0.8,0,1,100,1,4,0.02,0,0.6,"{'subsample': 0.8, 'reg_alpha': 0, 'random_state': 1, 'n_estimators': 100, 'min_child_weight': 1, 'max_depth': 4, 'learning_rate': 0.02, 'gamma': 0, 'colsample_bytree': 0.6}",0.8901408450704226,0.9067796610169492,0.8870056497175142,0.8813559322033898,0.8785310734463276,0.8887626322909206,0.009890842076591582,10
4.568779563903808,0.28886251879592645,0.00720510482788086,0.0006979616756693288,1.0,0,1,300,2,4,0.01,1,0.6,"{'subsample': 1.0, 'reg_alpha': 0, 'random_state': 1, 'n_estimators': 300, 'min_child_weight': 2, 'max_depth': 4, 'learning_rate': 0.01, 'gamma': 1, 'colsample_bytree': 0.6}",0.8929577464788733,0.8983050847457628,0.8870056497175142,0.8785310734463276,0.8870056497175142,0.8887610408211983,0.006625951118984834,11
2.7308722019195555,0.40466396262101134,0.006792211532592773,0.0008266684831802543,0.8,0,1,200,1,3,0.05,1,0.8,"{'subsample': 0.8, 'reg_alpha': 0, 'random_state': 1, 'n_estimators': 200, 'min_child_weight': 1, 'max_depth': 3, 'learning_rate': 0.05, 'gamma': 1, 'colsample_bytree': 0.8}",0.8929577464788733,0.9011299435028248,0.8870056497175142,0.8870056497175142,0.8757062146892656,0.8887610408211983,0.008332987136837418,11
1.9547335147857665,0.06348059075310267,0.006629848480224609,0.0010194611458798086,0.8,0,1,200,2,3,0.01,1,0.6,"{'subsample': 0.8, 'reg_alpha': 0, 'random_state': 1, 'n_estimators': 200, 'min_child_weight': 2, 'max_depth': 3, 'learning_rate': 0.01, 'gamma': 1, 'colsample_bytree': 0.6}",0.895774647887324,0.903954802259887,0.8813559322033898,0.8785310734463276,0.884180790960452,0.8887594493514761,0.009596953818678495,13
1.5284614562988281,0.21887394728895607,0.009559011459350586,0.0034098232048573253,0.6,0,1,100,1,4,0.02,5,0.6,"{'subsample': 0.6, 'reg_alpha': 0, 'random_state': 1, 'n_estimators': 100, 'min_child_weight': 1, 'max_depth': 4, 'learning_rate': 0.02, 'gamma': 5, 'colsample_bytree': 0.6}",0.8985915492957747,0.9124293785310734,0.8757062146892656,0.8785310734463276,0.8785310734463276,0.8887578578817539,0.014398347172357854,14
5.523539352416992,0.12908400004249782,0.011284255981445312,0.00648041006387262,0.8,0,1,300,1,5,0.02,1,0.8,"{'subsample': 0.8, 'reg_alpha': 0, 'random_state': 1, 'n_estimators': 300, 'min_child_weight': 1, 'max_depth': 5, 'learning_rate': 0.02, 'gamma': 1, 'colsample_bytree': 0.8}",0.8873239436619719,0.8983050847457628,0.8926553672316384,0.8785310734463276,0.884180790960452,0.8881992520092303,0.006817223610849916,15
4.529164886474609,0.22317546701128832,0.008367347717285156,0.0015514569123606828,0.8,0,1,300,1,4,0.02,2,0.8,"{'subsample': 0.8, 'reg_alpha': 0, 'random_state': 1, 'n_estimators': 300, 'min_child_weight': 1, 'max_depth': 4, 'learning_rate': 0.02, 'gamma': 2, 'colsample_bytree': 0.8}",0.8901408450704226,0.8983050847457628,0.884180790960452,0.884180790960452,0.884180790960452,0.8881976605395081,0.005555928614584734,16
3.0703104019165037,0.2739620989517356,0.007415771484375,0.001532784252197897,0.6,0,1,300,10,5,0.01,0,0.6,"{'subsample': 0.6, 'reg_alpha': 0, 'random_state': 1, 'n_estimators': 300, 'min_child_weight': 10, 'max_depth': 5, 'learning_rate': 0.01, 'gamma': 0, 'colsample_bytree': 0.6}",0.895774647887324,0.903954802259887,0.8728813559322034,0.8813559322033898,0.8870056497175142,0.8881944776000636,0.01084912461960215,17
2.823385238647461,0.12976717379989552,0.011471748352050781,0.006375472197683575,0.6,0,1,300,5,3,0.02,0,0.8,"{'subsample': 0.6, 'reg_alpha': 0, 'random_state': 1, 'n_estimators': 300, 'min_child_weight': 5, 'max_depth': 3, 'learning_rate': 0.02, 'gamma': 0, 'colsample_bytree': 0.8}",0.8985915492957747,0.903954802259887,0.8785310734463276,0.8813559322033898,0.8785310734463276,0.8881928861303413,0.010862922105807126,18
2.9133577823638914,0.4730302248540984,0.006249570846557617,0.0009066579092861382,1.0,0,1,200,10,5,0.1,5,0.6,"{'subsample': 1.0, 'reg_alpha': 0, 'random_state': 1, 'n_estimators': 200, 'min_child_weight': 10, 'max_depth': 5, 'learning_rate': 0.1, 'gamma': 5, 'colsample_bytree': 0.6}",0.8901408450704226,0.9067796610169492,0.8785310734463276,0.884180790960452,0.8785310734463276,0.8876326887880956,0.010492776522356407,19
3.9451828956604005,0.03897866526628581,0.008301448822021485,0.0022094958198190014,0.8,0,1,300,5,4,0.02,5,0.8,"{'subsample': 0.8, 'reg_alpha': 0, 'random_state': 1, 'n_estimators': 300, 'min_child_weight': 5, 'max_depth': 4, 'learning_rate': 0.02, 'gamma': 5, 'colsample_bytree': 0.8}",0.8985915492957747,0.9011299435028248,0.8757062146892656,0.884180790960452,0.8785310734463276,0.887627914378929,0.010385260510533128,20
3.5824235916137694,0.40677061960909944,0.008966064453125,0.0033990958150089683,0.8,0,1,200,5,4,0.01,1,0.6,"{'subsample': 0.8, 'reg_alpha': 0, 'random_state': 1, 'n_estimators': 200, 'min_child_weight': 5, 'max_depth': 4, 'learning_rate': 0.01, 'gamma': 1, 'colsample_bytree': 0.6}",0.8929577464788733,0.9011299435028248,0.8757062146892656,0.8813559322033898,0.884180790960452,0.887066125566961,0.008971969807047734,21
3.20485315322876,0.1506610306546338,0.007608890533447266,0.0015948512040448548,0.6,0,1,200,2,5,0.01,0,0.8,"{'subsample': 0.6, 'reg_alpha': 0, 'random_state': 1, 'n_estimators': 200, 'min_child_weight': 2, 'max_depth': 5, 'learning_rate': 0.01, 'gamma': 0, 'colsample_bytree': 0.8}",0.8985915492957747,0.9011299435028248,0.8870056497175142,0.8785310734463276,0.8700564971751412,0.8870629426275165,0.011771189799373765,22
6.9422046661376955,0.9701067479427472,0.011689090728759765,0.007008969165702366,1.0,0,1,300,2,5,0.01,5,0.8,"{'subsample': 1.0, 'reg_alpha': 0, 'random_state': 1, 'n_estimators': 300, 'min_child_weight': 2, 'max_depth': 5, 'learning_rate': 0.01, 'gamma': 5, 'colsample_bytree': 0.8}",0.9014084507042254,0.9067796610169492,0.8757062146892656,0.8728813559322034,0.8785310734463276,0.8870613511577942,0.014123937381256573,23
0.9470145225524902,0.012422544253165956,0.010970449447631836,0.004480649154639726,0.8,0,1,100,10,3,0.05,5,0.8,"{'subsample': 0.8, 'reg_alpha': 0, 'random_state': 1, 'n_estimators': 100, 'min_child_weight': 10, 'max_depth': 3, 'learning_rate': 0.05, 'gamma': 5, 'colsample_bytree': 0.8}",0.9014084507042254,0.8954802259887006,0.8785310734463276,0.8813559322033898,0.8757062146892656,0.8864963794063818,0.010093337613625469,24
1.632286548614502,0.04176995113299375,0.0064448356628417965,0.0006613791650443882,0.8,0,1,100,1,4,0.1,5,1.0,"{'subsample': 0.8, 'reg_alpha': 0, 'random_state': 1, 'n_estimators': 100, 'min_child_weight': 1, 'max_depth': 4, 'learning_rate': 0.1, 'gamma': 5, 'colsample_bytree': 1.0}",0.8845070422535212,0.9096045197740112,0.8870056497175142,0.8700564971751412,0.8785310734463276,0.8859409564733032,0.01319375855053444,25
5.176060771942138,0.32335099220981434,0.0077800750732421875,0.001084564454896484,1.0,0,1,300,2,4,0.01,0,0.8,"{'subsample': 1.0, 'reg_alpha': 0, 'random_state': 1, 'n_estimators': 300, 'min_child_weight': 2, 'max_depth': 4, 'learning_rate': 0.01, 'gamma': 0, 'colsample_bytree': 0.8}",0.8929577464788733,0.9011299435028248,0.8757062146892656,0.8813559322033898,0.8785310734463276,0.8859361820641363,0.009598117611338285,26
3.1716945648193358,0.7736106858155569,0.005895137786865234,0.0007273563100575164,0.6,0,1,300,10,5,0.01,2,0.8,"{'subsample': 0.6, 'reg_alpha': 0, 'random_state': 1, 'n_estimators': 300, 'min_child_weight': 10, 'max_depth': 5, 'learning_rate': 0.01, 'gamma': 2, 'colsample_bytree': 0.8}",0.8985915492957747,0.903954802259887,0.864406779661017,0.884180790960452,0.8785310734463276,0.8859329991246916,0.014186339501610006,27
4.017506551742554,0.2613727408339241,0.008758211135864257,0.001115869756228946,0.8,0,1,300,5,3,0.02,0,1.0,"{'subsample': 0.8, 'reg_alpha': 0, 'random_state': 1, 'n_estimators': 300, 'min_child_weight': 5, 'max_depth': 3, 'learning_rate': 0.02, 'gamma': 0, 'colsample_bytree': 1.0}",0.9014084507042254,0.8954802259887006,0.8785310734463276,0.8757062146892656,0.8785310734463276,0.8859314076549694,0.010438421883639207,28
3.374321126937866,0.36347431157785454,0.006396579742431641,0.000536646303827724,1.0,0,1,300,2,3,0.2,5,0.8,"{'subsample': 1.0, 'reg_alpha': 0, 'random_state': 1, 'n_estimators': 300, 'min_child_weight': 2, 'max_depth': 3, 'learning_rate': 0.2, 'gamma': 5, 'colsample_bytree': 0.8}",0.9014084507042254,0.9011299435028248,0.8757062146892656,0.8813559322033898,0.8700564971751412,0.8859314076549694,0.013023338151207733,28
1.1003373622894288,0.028269975220183118,0.00660099983215332,0.0007715335822756691,0.6,0,1,100,1,3,0.1,2,0.8,"{'subsample': 0.6, 'reg_alpha': 0, 'random_state': 1, 'n_estimators': 100, 'min_child_weight': 1, 'max_depth': 3, 'learning_rate': 0.1, 'gamma': 2, 'colsample_bytree': 0.8}",0.8873239436619719,0.9011299435028248,0.8870056497175142,0.884180790960452,0.867231638418079,0.8853743932521685,0.01081927305836876,30
1.7015820503234864,0.14320150468446935,0.006899833679199219,0.0005816345234045834,0.8,0,1,100,2,4,0.1,0,0.8,"{'subsample': 0.8, 'reg_alpha': 0, 'random_state': 1, 'n_estimators': 100, 'min_child_weight': 2, 'max_depth': 4, 'learning_rate': 0.1, 'gamma': 0, 'colsample_bytree': 0.8}",0.8929577464788733,0.8954802259887006,0.8813559322033898,0.8870056497175142,0.8700564971751412,0.8853712103127238,0.009089356609651874,31
4.393282175064087,0.15471592261673459,0.007081794738769531,0.0011042914574135193,0.6,0,1,300,2,4,0.05,2,0.8,"{'subsample': 0.6, 'reg_alpha': 0, 'random_state': 1, 'n_estimators': 300, 'min_child_weight': 2, 'max_depth': 4, 'learning_rate': 0.05, 'gamma': 2, 'colsample_bytree': 0.8}",0.8929577464788733,0.8983050847457628,0.8898305084745762,0.8728813559322034,0.8728813559322034,0.8853712103127238,0.010551956253125985,31
3.5317689895629885,0.15862067730247892,0.007669258117675781,0.0011017968784787498,1.0,0,1,300,5,3,0.01,0,0.8,"{'subsample': 1.0, 'reg_alpha': 0, 'random_state': 1, 'n_estimators': 300, 'min_child_weight': 5, 'max_depth': 3, 'learning_rate': 0.01, 'gamma': 0, 'colsample_bytree': 0.8}",0.8929577464788733,0.9096045197740112,0.8728813559322034,0.8757062146892656,0.8757062146892656,0.8853712103127238,0.014054391211976104,31
2.259688377380371,0.5857715262797234,0.04652180671691895,0.07710507200031858,0.8,0,1,100,10,4,0.1,2,1.0,"{'subsample': 0.8, 'reg_alpha': 0, 'random_state': 1, 'n_estimators': 100, 'min_child_weight': 10, 'max_depth': 4, 'learning_rate': 0.1, 'gamma': 2, 'colsample_bytree': 1.0}",0.8873239436619719,0.903954802259887,0.8870056497175142,0.8757062146892656,0.8700564971751412,0.884809421500756,0.01164653592190842,34
2.5426230907440184,0.06111587175856595,0.007754993438720703,0.00208533545528056,0.8,0,1,200,5,3,0.05,0,1.0,"{'subsample': 0.8, 'reg_alpha': 0, 'random_state': 1, 'n_estimators': 200, 'min_child_weight': 5, 'max_depth': 3, 'learning_rate': 0.05, 'gamma': 0, 'colsample_bytree': 1.0}",0.8985915492957747,0.8926553672316384,0.8813559322033898,0.8813559322033898,0.8700564971751412,0.8848030556218667,0.009929830423118714,35
3.7034777641296386,0.060455444903824915,0.007416057586669922,0.0012252964403122032,0.8,0,1,200,1,5,0.2,0,1.0,"{'subsample': 0.8, 'reg_alpha': 0, 'random_state': 1, 'n_estimators': 200, 'min_child_weight': 1, 'max_depth': 5, 'learning_rate': 0.2, 'gamma': 0, 'colsample_bytree': 1.0}",0.8816901408450705,0.8898305084745762,0.8870056497175142,0.8813559322033898,0.8813559322033898,0.8842476326887881,0.0035224930914189165,36
1.2813730239868164,0.14482749280885537,0.007407617568969726,0.0011570112974841529,1.0,0,1,100,10,5,0.5,1,0.8,"{'subsample': 1.0, 'reg_alpha': 0, 'random_state': 1, 'n_estimators': 100, 'min_child_weight': 10, 'max_depth': 5, 'learning_rate': 0.5, 'gamma': 1, 'colsample_bytree': 0.8}",0.8873239436619719,0.8926553672316384,0.8870056497175142,0.884180790960452,0.8700564971751412,0.8842444497493436,0.007604644522991608,37
2.7085809230804445,0.11918196948728584,0.006300020217895508,0.00044832863566856803,0.8,0,1,200,5,4,0.1,5,1.0,"{'subsample': 0.8, 'reg_alpha': 0, 'random_state': 1, 'n_estimators': 200, 'min_child_weight': 5, 'max_depth': 4, 'learning_rate': 0.1, 'gamma': 5, 'colsample_bytree': 1.0}",0.8929577464788733,0.8926553672316384,0.8813559322033898,0.8785310734463276,0.8757062146892656,0.8842412668098989,0.007218762809091046,38
4.9009312152862545,0.3202550891701929,0.006858444213867188,0.0010156054390824034,1.0,0,1,300,2,5,0.1,1,0.6,"{'subsample': 1.0, 'reg_alpha': 0, 'random_state': 1, 'n_estimators': 300, 'min_child_weight': 2, 'max_depth': 5, 'learning_rate': 0.1, 'gamma': 1, 'colsample_bytree': 0.6}",0.8985915492957747,0.8813559322033898,0.884180790960452,0.8870056497175142,0.8700564971751412,0.8842380838704544,0.00919900942862719,39
1.8192121505737304,0.07464417913780987,0.008250904083251954,0.001719950792826932,0.6,0,1,200,2,3,0.1,0,0.6,"{'subsample': 0.6, 'reg_alpha': 0, 'random_state': 1, 'n_estimators': 200, 'min_child_weight': 2, 'max_depth': 3, 'learning_rate': 0.1, 'gamma': 0, 'colsample_bytree': 0.6}",0.8845070422535212,0.884180790960452,0.8983050847457628,0.884180790960452,0.867231638418079,0.8836810694676535,0.009855224795942513,40
4.178431510925293,0.5959915025826876,0.012280845642089843,0.005909835400240425,0.8,0,1,200,1,3,0.2,5,1.0,"{'subsample': 0.8, 'reg_alpha': 0, 'random_state': 1, 'n_estimators': 200, 'min_child_weight': 1, 'max_depth': 3, 'learning_rate': 0.2, 'gamma': 5, 'colsample_bytree': 1.0}",0.8873239436619719,0.8954802259887006,0.8813559322033898,0.8870056497175142,0.867231638418079,0.8836794779979311,0.00937585722299625,41
2.8635385036468506,0.2997674855449742,0.02292804718017578,0.03306871123381639,1.0,0,1,200,10,4,0.02,2,0.6,"{'subsample': 1.0, 'reg_alpha': 0, 'random_state': 1, 'n_estimators': 200, 'min_child_weight': 10, 'max_depth': 4, 'learning_rate': 0.02, 'gamma': 2, 'colsample_bytree': 0.6}",0.895774647887324,0.8983050847457628,0.8700564971751412,0.8757062146892656,0.8785310734463276,0.8836747035887642,0.011277109533341996,42
1.3137887001037598,0.03123562598356978,0.006624078750610352,0.0008743994624415449,0.8,0,1,100,10,5,0.1,0,0.6,"{'subsample': 0.8, 'reg_alpha': 0, 'random_state': 1, 'n_estimators': 100, 'min_child_weight': 10, 'max_depth': 5, 'learning_rate': 0.1, 'gamma': 0, 'colsample_bytree': 0.6}",0.8985915492957747,0.8954802259887006,0.8898305084745762,0.8700564971751412,0.864406779661017,0.883673112119042,0.013831015902817554,43
4.813540887832642,0.6441967138222526,0.009543418884277344,0.0044729417297516595,1.0,0,1,200,1,4,0.2,5,1.0,"{'subsample': 1.0, 'reg_alpha': 0, 'random_state': 1, 'n_estimators': 200, 'min_child_weight': 1, 'max_depth': 4, 'learning_rate': 0.2, 'gamma': 5, 'colsample_bytree': 1.0}",0.8873239436619719,0.9096045197740112,0.8757062146892656,0.8728813559322034,0.8700564971751412,0.8831145062465187,0.014488284440210103,44
3.3285685062408445,0.252907769721747,0.007039022445678711,0.0009595787659876555,0.8,0,1,300,10,4,0.2,5,0.6,"{'subsample': 0.8, 'reg_alpha': 0, 'random_state': 1, 'n_estimators': 300, 'min_child_weight': 10, 'max_depth': 4, 'learning_rate': 0.2, 'gamma': 5, 'colsample_bytree': 0.6}",0.8929577464788733,0.9067796610169492,0.8728813559322034,0.8813559322033898,0.8615819209039548,0.883111323307074,0.01567412554166956,45
4.061643457412719,0.5985964325995509,0.007625150680541992,0.0005488407373623051,0.8,0,1,300,5,4,0.05,1,0.8,"{'subsample': 0.8, 'reg_alpha': 0, 'random_state': 1, 'n_estimators': 300, 'min_child_weight': 5, 'max_depth': 4, 'learning_rate': 0.05, 'gamma': 1, 'colsample_bytree': 0.8}",0.8929577464788733,0.8954802259887006,0.884180790960452,0.8757062146892656,0.867231638418079,0.883111323307074,0.010564900280671202,45
3.8357112884521483,0.26062198821793026,0.007898092269897461,0.0015951083676437018,1.0,0,1,300,10,5,0.2,5,0.6,"{'subsample': 1.0, 'reg_alpha': 0, 'random_state': 1, 'n_estimators': 300, 'min_child_weight': 10, 'max_depth': 5, 'learning_rate': 0.2, 'gamma': 5, 'colsample_bytree': 0.6}",0.8985915492957747,0.903954802259887,0.8757062146892656,0.8728813559322034,0.864406779661017,0.8831081403676295,0.015384640262299243,47
1.5947443485260009,0.07591108840943134,0.00691370964050293,0.000730171811087774,0.8,0,1,100,5,5,0.1,2,0.6,"{'subsample': 0.8, 'reg_alpha': 0, 'random_state': 1, 'n_estimators': 100, 'min_child_weight': 5, 'max_depth': 5, 'learning_rate': 0.1, 'gamma': 2, 'colsample_bytree': 0.6}",0.8985915492957747,0.8813559322033898,0.8954802259887006,0.884180790960452,0.8559322033898306,0.8831081403676295,0.015070214451146275,47
0.897388219833374,0.03468024645889085,0.007599592208862305,0.003592505295494996,0.6,0,1,100,10,4,0.1,2,0.8,"{'subsample': 0.6, 'reg_alpha': 0, 'random_state': 1, 'n_estimators': 100, 'min_child_weight': 10, 'max_depth': 4, 'learning_rate': 0.1, 'gamma': 2, 'colsample_bytree': 0.8}",0.8845070422535212,0.8926553672316384,0.8813559322033898,0.8813559322033898,0.8728813559322034,0.8825511259648285,0.006360546027581218,49
3.3231417655944826,0.21639715471286403,0.013092947006225587,0.00834089224716731,1.0,0,1,100,2,5,0.05,0,1.0,"{'subsample': 1.0, 'reg_alpha': 0, 'random_state': 1, 'n_estimators': 100, 'min_child_weight': 2, 'max_depth': 5, 'learning_rate': 0.05, 'gamma': 0, 'colsample_bytree': 1.0}",0.8816901408450705,0.8898305084745762,0.8813559322033898,0.8813559322033898,0.8757062146892656,0.8819877456831383,0.004513391297367693,50
3.2320980548858644,0.2058482705818057,0.009090709686279296,0.001961301216409004,1.0,0,1,200,5,4,0.05,1,0.8,"{'subsample': 1.0, 'reg_alpha': 0, 'random_state': 1, 'n_estimators': 200, 'min_child_weight': 5, 'max_depth': 4, 'learning_rate': 0.05, 'gamma': 1, 'colsample_bytree': 0.8}",0.8901408450704226,0.8813559322033898,0.8813559322033898,0.8813559322033898,0.8757062146892656,0.8819829712739715,0.0046287819583683155,51
4.643157339096069,0.27645429294332824,0.007632827758789063,0.0008296192286527338,1.0,0,1,300,10,4,0.2,5,0.8,"{'subsample': 1.0, 'reg_alpha': 0, 'random_state': 1, 'n_estimators': 300, 'min_child_weight': 10, 'max_depth': 4, 'learning_rate': 0.2, 'gamma': 5, 'colsample_bytree': 0.8}",0.8901408450704226,0.8983050847457628,0.884180790960452,0.8728813559322034,0.864406779661017,0.8819829712739715,0.012079359402583692,51
4.5643552303314205,0.08094347521618386,0.008154058456420898,0.0012125693065701967,0.6,0,1,300,1,5,0.1,0,0.8,"{'subsample': 0.6, 'reg_alpha': 0, 'random_state': 1, 'n_estimators': 300, 'min_child_weight': 1, 'max_depth': 5, 'learning_rate': 0.1, 'gamma': 0, 'colsample_bytree': 0.8}",0.8929577464788733,0.884180790960452,0.8898305084745762,0.8757062146892656,0.867231638418079,0.8819813798042493,0.009421883292340075,53
4.625201559066772,0.38696815989146155,0.007013177871704102,0.0015342970706722955,0.8,0,1,300,5,4,0.2,2,1.0,"{'subsample': 0.8, 'reg_alpha': 0, 'random_state': 1, 'n_estimators': 300, 'min_child_weight': 5, 'max_depth': 4, 'learning_rate': 0.2, 'gamma': 2, 'colsample_bytree': 1.0}",0.9042253521126761,0.8898305084745762,0.8813559322033898,0.8587570621468926,0.8757062146892656,0.8819750139253599,0.015070107729481391,54
3.298193407058716,0.09296712255076929,0.008243227005004882,0.0013928205954793894,1.0,0,1,200,2,5,0.2,0,0.8,"{'subsample': 1.0, 'reg_alpha': 0, 'random_state': 1, 'n_estimators': 200, 'min_child_weight': 2, 'max_depth': 5, 'learning_rate': 0.2, 'gamma': 0, 'colsample_bytree': 0.8}",0.8816901408450705,0.8813559322033898,0.8954802259887006,0.8785310734463276,0.8700564971751412,0.8814227739317259,0.008188309840518614,55
2.818687915802002,0.14334217591094764,0.00825967788696289,0.003467795479538324,0.8,0,1,200,5,3,0.01,2,1.0,"{'subsample': 0.8, 'reg_alpha': 0, 'random_state': 1, 'n_estimators': 200, 'min_child_weight': 5, 'max_depth': 3, 'learning_rate': 0.01, 'gamma': 2, 'colsample_bytree': 1.0}",0.8901408450704226,0.8983050847457628,0.864406779661017,0.884180790960452,0.8700564971751412,0.8814179995225591,0.012548785081313858,56
1.9580231189727784,0.16127310861353117,0.006848049163818359,0.0016837040880201284,0.6,0,1,100,1,5,0.1,1,0.8,"{'subsample': 0.6, 'reg_alpha': 0, 'random_state': 1, 'n_estimators': 100, 'min_child_weight': 1, 'max_depth': 5, 'learning_rate': 0.1, 'gamma': 1, 'colsample_bytree': 0.8}",0.8929577464788733,0.8898305084745762,0.8813559322033898,0.8757062146892656,0.867231638418079,0.8814164080528368,0.009357534223718413,57
2.3930545330047606,0.08260394242071088,0.0072285175323486325,0.00044791800932407336,0.6,0,1,200,5,4,0.1,0,0.8,"{'subsample': 0.6, 'reg_alpha': 0, 'random_state': 1, 'n_estimators': 200, 'min_child_weight': 5, 'max_depth': 4, 'learning_rate': 0.1, 'gamma': 0, 'colsample_bytree': 0.8}",0.8985915492957747,0.884180790960452,0.884180790960452,0.8757062146892656,0.864406779661017,0.8814132251133924,0.011244579298989837,58
1.1631844997406007,0.02644021667089648,0.00630640983581543,0.0006692553652171674,1.0,0,1,100,10,4,0.02,1,0.6,"{'subsample': 1.0, 'reg_alpha': 0, 'random_state': 1, 'n_estimators': 100, 'min_child_weight': 10, 'max_depth': 4, 'learning_rate': 0.02, 'gamma': 1, 'colsample_bytree': 0.6}",0.8873239436619719,0.903954802259887,0.8700564971751412,0.8728813559322034,0.8700564971751412,0.8808546192408689,0.013207894775925747,59
1.630477237701416,0.3360255184206058,0.008655405044555664,0.003016245984579143,0.8,0,1,100,10,5,0.2,5,0.6,"{'subsample': 0.8, 'reg_alpha': 0, 'random_state': 1, 'n_estimators': 100, 'min_child_weight': 10, 'max_depth': 5, 'learning_rate': 0.2, 'gamma': 5, 'colsample_bytree': 0.6}",0.8929577464788733,0.8954802259887006,0.8728813559322034,0.8728813559322034,0.8700564971751412,0.8808514363014244,0.010992172731093736,60
2.3458641529083253,0.3588921897930024,0.008658027648925782,0.0019898591759517294,1.0,0,1,200,10,3,0.01,5,0.6,"{'subsample': 1.0, 'reg_alpha': 0, 'random_state': 1, 'n_estimators': 200, 'min_child_weight': 10, 'max_depth': 3, 'learning_rate': 0.01, 'gamma': 5, 'colsample_bytree': 0.6}",0.8929577464788733,0.9011299435028248,0.867231638418079,0.8700564971751412,0.8728813559322034,0.8808514363014244,0.013589204440621469,60
0.9598889827728272,0.027836467620526002,0.007057285308837891,0.0005009173007875942,0.6,0,1,100,5,3,0.2,1,1.0,"{'subsample': 0.6, 'reg_alpha': 0, 'random_state': 1, 'n_estimators': 100, 'min_child_weight': 5, 'max_depth': 3, 'learning_rate': 0.2, 'gamma': 1, 'colsample_bytree': 1.0}",0.8901408450704226,0.903954802259887,0.8785310734463276,0.8587570621468926,0.867231638418079,0.8797230842683218,0.016079409751468415,62
2.464154529571533,0.06061098862897034,0.006870365142822266,0.0006180056004849973,0.8,0,1,200,5,3,0.2,1,1.0,"{'subsample': 0.8, 'reg_alpha': 0, 'random_state': 1, 'n_estimators': 200, 'min_child_weight': 5, 'max_depth': 3, 'learning_rate': 0.2, 'gamma': 1, 'colsample_bytree': 1.0}",0.895774647887324,0.8898305084745762,0.8757062146892656,0.8728813559322034,0.8615819209039548,0.8791549295774648,0.012249449097729924,63
4.649558448791504,0.14484715171524393,0.010188055038452149,0.002350452903219519,0.6,0,1,300,1,4,0.05,0,0.8,"{'subsample': 0.6, 'reg_alpha': 0, 'random_state': 1, 'n_estimators': 300, 'min_child_weight': 1, 'max_depth': 4, 'learning_rate': 0.05, 'gamma': 0, 'colsample_bytree': 0.8}",0.8816901408450705,0.8785310734463276,0.884180790960452,0.8757062146892656,0.8728813559322034,0.8785979151746638,0.004044151597621456,64
2.632782554626465,0.19836776886435836,0.0060402870178222655,0.0006307772251144685,1.0,0,1,300,10,3,0.5,5,0.6,"{'subsample': 1.0, 'reg_alpha': 0, 'random_state': 1, 'n_estimators': 300, 'min_child_weight': 10, 'max_depth': 3, 'learning_rate': 0.5, 'gamma': 5, 'colsample_bytree': 0.6}",0.8873239436619719,0.884180790960452,0.884180790960452,0.8785310734463276,0.8587570621468926,0.8785947322352193,0.010316437788996144,65
3.725568914413452,0.12163468740338734,0.007140016555786133,0.0004983937836002328,1.0,0,1,300,1,4,0.5,0,1.0,"{'subsample': 1.0, 'reg_alpha': 0, 'random_state': 1, 'n_estimators': 300, 'min_child_weight': 1, 'max_depth': 4, 'learning_rate': 0.5, 'gamma': 0, 'colsample_bytree': 1.0}",0.8873239436619719,0.8870056497175142,0.884180790960452,0.8615819209039548,0.8728813559322034,0.8785947322352193,0.010002251099444913,65
1.6994920253753663,0.32669753538582125,0.006723785400390625,0.0011963995065571544,0.8,0,1,100,5,3,0.2,1,1.0,"{'subsample': 0.8, 'reg_alpha': 0, 'random_state': 1, 'n_estimators': 100, 'min_child_weight': 5, 'max_depth': 3, 'learning_rate': 0.2, 'gamma': 1, 'colsample_bytree': 1.0}",0.8901408450704226,0.8898305084745762,0.8757062146892656,0.8700564971751412,0.867231638418079,0.8785931407654969,0.009694537320489558,67
1.9958529472351074,0.07688882682183952,0.00892796516418457,0.001638663785299021,0.8,0,1,200,10,3,0.1,1,0.8,"{'subsample': 0.8, 'reg_alpha': 0, 'random_state': 1, 'n_estimators': 200, 'min_child_weight': 10, 'max_depth': 3, 'learning_rate': 0.1, 'gamma': 1, 'colsample_bytree': 0.8}",0.8901408450704226,0.8983050847457628,0.864406779661017,0.8757062146892656,0.864406779661017,0.8785931407654969,0.013658332512705674,67
0.9925063133239747,0.03050963441510555,0.006791305541992187,0.0009319041769941347,0.8,0,1,100,10,3,0.5,5,0.6,"{'subsample': 0.8, 'reg_alpha': 0, 'random_state': 1, 'n_estimators': 100, 'min_child_weight': 10, 'max_depth': 3, 'learning_rate': 0.5, 'gamma': 5, 'colsample_bytree': 0.6}",0.8873239436619719,0.884180790960452,0.8728813559322034,0.8870056497175142,0.8587570621468926,0.8780297604838069,0.010979313047931125,69
1.822087001800537,0.1059829736606091,0.0067326068878173825,0.0004180729874841755,1.0,0,1,200,5,3,0.2,0,0.6,"{'subsample': 1.0, 'reg_alpha': 0, 'random_state': 1, 'n_estimators': 200, 'min_child_weight': 5, 'max_depth': 3, 'learning_rate': 0.2, 'gamma': 0, 'colsample_bytree': 0.6}",0.8816901408450705,0.8813559322033898,0.8757062146892656,0.8757062146892656,0.8728813559322034,0.877467971671839,0.0034695120376401207,70
3.1972346782684324,0.09179492226210997,0.007740545272827149,0.0013459512731664627,1.0,0,1,200,5,5,0.2,0,1.0,"{'subsample': 1.0, 'reg_alpha': 0, 'random_state': 1, 'n_estimators': 200, 'min_child_weight': 5, 'max_depth': 5, 'learning_rate': 0.2, 'gamma': 0, 'colsample_bytree': 1.0}",0.8929577464788733,0.8728813559322034,0.8785310734463276,0.8700564971751412,0.8728813559322034,0.8774616057929497,0.008222738575861841,71
5.132817697525025,0.7548018613288849,0.010147523880004884,0.0014456997539039772,0.6,0,1,300,1,4,0.2,0,0.6,"{'subsample': 0.6, 'reg_alpha': 0, 'random_state': 1, 'n_estimators': 300, 'min_child_weight': 1, 'max_depth': 4, 'learning_rate': 0.2, 'gamma': 0, 'colsample_bytree': 0.6}",0.8788732394366198,0.8813559322033898,0.8898305084745762,0.864406779661017,0.8700564971751412,0.8769045913901488,0.008875370809542971,72
2.2234344482421875,0.12352856282244401,0.007360935211181641,0.0014501814493366012,1.0,0,1,200,2,5,0.5,0,0.6,"{'subsample': 1.0, 'reg_alpha': 0, 'random_state': 1, 'n_estimators': 200, 'min_child_weight': 2, 'max_depth': 5, 'learning_rate': 0.5, 'gamma': 0, 'colsample_bytree': 0.6}",0.8816901408450705,0.884180790960452,0.884180790960452,0.8757062146892656,0.8559322033898306,0.8763380281690141,0.010662643571785202,73
4.781196165084839,0.44100799923002815,0.006996250152587891,0.0009710382253548891,0.8,0,1,300,5,5,0.1,1,0.8,"{'subsample': 0.8, 'reg_alpha': 0, 'random_state': 1, 'n_estimators': 300, 'min_child_weight': 5, 'max_depth': 5, 'learning_rate': 0.1, 'gamma': 1, 'colsample_bytree': 0.8}",0.8929577464788733,0.8728813559322034,0.8728813559322034,0.8785310734463276,0.864406779661017,0.876331662290125,0.009458077378943403,74
4.845748424530029,0.28290253758603584,0.039754390716552734,0.06495359190412912,1.0,0,1,200,2,5,0.01,2,1.0,"{'subsample': 1.0, 'reg_alpha': 0, 'random_state': 1, 'n_estimators': 200, 'min_child_weight': 2, 'max_depth': 5, 'learning_rate': 0.01, 'gamma': 2, 'colsample_bytree': 1.0}",0.8760563380281691,0.8926553672316384,0.8757062146892656,0.8700564971751412,0.864406779661017,0.8757762393570463,0.00945482290615318,75
2.0802823543548583,0.07228774728196291,0.006861734390258789,0.0015134816088612627,1.0,0,1,200,5,4,0.5,1,0.6,"{'subsample': 1.0, 'reg_alpha': 0, 'random_state': 1, 'n_estimators': 200, 'min_child_weight': 5, 'max_depth': 4, 'learning_rate': 0.5, 'gamma': 1, 'colsample_bytree': 0.6}",0.8929577464788733,0.8813559322033898,0.8700564971751412,0.8615819209039548,0.8728813559322034,0.8757666905387126,0.010666875647123092,76
1.1650897979736328,0.026994365559565022,0.006240320205688476,0.0007653548094679402,0.8,0,1,100,5,5,0.5,0,1.0,"{'subsample': 0.8, 'reg_alpha': 0, 'random_state': 1, 'n_estimators': 100, 'min_child_weight': 5, 'max_depth': 5, 'learning_rate': 0.5, 'gamma': 0, 'colsample_bytree': 1.0}",0.8760563380281691,0.8870056497175142,0.8728813559322034,0.8757062146892656,0.864406779661017,0.8752112676056338,0.007241988873051941,77
0.9782801151275635,0.04432981476494011,0.007184600830078125,0.003160969226600763,0.8,0,1,100,1,3,0.5,5,0.6,"{'subsample': 0.8, 'reg_alpha': 0, 'random_state': 1, 'n_estimators': 100, 'min_child_weight': 1, 'max_depth': 3, 'learning_rate': 0.5, 'gamma': 5, 'colsample_bytree': 0.6}",0.8901408450704226,0.9011299435028248,0.8531073446327684,0.8785310734463276,0.8531073446327684,0.8752033102570224,0.019405451086457203,78
1.7027793884277345,0.29960832953337596,0.009337663650512695,0.003811842538662832,1.0,0,1,100,10,4,0.5,0,0.8,"{'subsample': 1.0, 'reg_alpha': 0, 'random_state': 1, 'n_estimators': 100, 'min_child_weight': 10, 'max_depth': 4, 'learning_rate': 0.5, 'gamma': 0, 'colsample_bytree': 0.8}",0.8760563380281691,0.884180790960452,0.8700564971751412,0.884180790960452,0.8587570621468926,0.8746462958542214,0.009563842454938081,79
4.940970325469971,0.1084198370233165,0.006126308441162109,0.0005566952538649709,0.8,0,1,300,5,4,0.5,5,0.8,"{'subsample': 0.8, 'reg_alpha': 0, 'random_state': 1, 'n_estimators': 300, 'min_child_weight': 5, 'max_depth': 4, 'learning_rate': 0.5, 'gamma': 5, 'colsample_bytree': 0.8}",0.8760563380281691,0.8898305084745762,0.8757062146892656,0.8700564971751412,0.8559322033898306,0.8735163523513965,0.010941403994476311,80
1.3105710029602051,0.04908786776243492,0.007759237289428711,0.003190748126991128,1.0,0,1,100,5,4,0.01,1,0.6,"{'subsample': 1.0, 'reg_alpha': 0, 'random_state': 1, 'n_estimators': 100, 'min_child_weight': 5, 'max_depth': 4, 'learning_rate': 0.01, 'gamma': 1, 'colsample_bytree': 0.6}",0.8676056338028169,0.903954802259887,0.8587570621468926,0.884180790960452,0.844632768361582,0.8718262115063261,0.020557146049464552,81
3.149004507064819,0.21125377581485405,0.008262348175048829,0.0008343758044908765,0.6,0,1,300,2,3,0.2,0,0.8,"{'subsample': 0.6, 'reg_alpha': 0, 'random_state': 1, 'n_estimators': 300, 'min_child_weight': 2, 'max_depth': 3, 'learning_rate': 0.2, 'gamma': 0, 'colsample_bytree': 0.8}",0.8816901408450705,0.8785310734463276,0.8785310734463276,0.8531073446327684,0.8615819209039548,0.8706883106548897,0.01127896116232356,82
1.2423676013946534,0.09485558700363879,0.008503150939941407,0.0023184839316200846,1.0,0,1,100,10,3,1,5,1.0,"{'subsample': 1.0, 'reg_alpha': 0, 'random_state': 1, 'n_estimators': 100, 'min_child_weight': 10, 'max_depth': 3, 'learning_rate': 1, 'gamma': 5, 'colsample_bytree': 1.0}",0.8422535211267606,0.8926553672316384,0.8587570621468926,0.867231638418079,0.8785310734463276,0.8678857324739397,0.017132593557126596,83
1.874032688140869,0.11262522963352908,0.008670759201049805,0.0022603030949371688,1.0,0,1,100,2,5,0.01,1,0.6,"{'subsample': 1.0, 'reg_alpha': 0, 'random_state': 1, 'n_estimators': 100, 'min_child_weight': 2, 'max_depth': 5, 'learning_rate': 0.01, 'gamma': 1, 'colsample_bytree': 0.6}",0.8676056338028169,0.8870056497175142,0.864406779661017,0.8728813559322034,0.844632768361582,0.8673064374950267,0.013723931533825328,84
0.9885286331176758,0.12045357026381534,0.005818605422973633,0.00015351631418948104,0.6,0,1,100,5,5,0.5,1,0.6,"{'subsample': 0.6, 'reg_alpha': 0, 'random_state': 1, 'n_estimators': 100, 'min_child_weight': 5, 'max_depth': 5, 'learning_rate': 0.5, 'gamma': 1, 'colsample_bytree': 0.6}",0.8619718309859155,0.867231638418079,0.8757062146892656,0.867231638418079,0.844632768361582,0.8633548181745843,0.010344508388784698,85
2.5270514488220215,0.12430863521857693,0.0068743228912353516,0.0012826747343616125,1.0,0,1,200,2,3,1,1,0.8,"{'subsample': 1.0, 'reg_alpha': 0, 'random_state': 1, 'n_estimators': 200, 'min_child_weight': 2, 'max_depth': 3, 'learning_rate': 1, 'gamma': 1, 'colsample_bytree': 0.8}",0.8676056338028169,0.8700564971751412,0.867231638418079,0.8615819209039548,0.847457627118644,0.8627866634837271,0.008151828255914872,86
2.2233460426330565,0.03272640560484182,0.007115077972412109,0.001388502057926139,0.8,0,1,100,2,5,0.01,1,1.0,"{'subsample': 0.8, 'reg_alpha': 0, 'random_state': 1, 'n_estimators': 100, 'min_child_weight': 2, 'max_depth': 5, 'learning_rate': 0.01, 'gamma': 1, 'colsample_bytree': 1.0}",0.8507042253521127,0.8757062146892656,0.8502824858757062,0.8785310734463276,0.847457627118644,0.8605363252964111,0.013614699874589716,87
3.0381372451782225,0.5043967702570474,0.013403654098510742,0.007167144265095582,1.0,0,1,200,10,5,1,5,0.8,"{'subsample': 1.0, 'reg_alpha': 0, 'random_state': 1, 'n_estimators': 200, 'min_child_weight': 10, 'max_depth': 5, 'learning_rate': 1, 'gamma': 5, 'colsample_bytree': 0.8}",0.8338028169014085,0.8615819209039548,0.8531073446327684,0.8898305084745762,0.8502824858757062,0.8577210153576826,0.018409910568315927,88
0.914492416381836,0.07972230245068142,0.006734609603881836,0.0006361919299149432,1.0,0,1,100,10,3,1,2,0.6,"{'subsample': 1.0, 'reg_alpha': 0, 'random_state': 1, 'n_estimators': 100, 'min_child_weight': 10, 'max_depth': 3, 'learning_rate': 1, 'gamma': 2, 'colsample_bytree': 0.6}",0.8450704225352113,0.8559322033898306,0.8700564971751412,0.864406779661017,0.8502824858757062,0.8571496777273813,0.009097257723293617,89
3.466330814361572,0.42753040688038974,0.006307268142700195,0.0007690570744619182,1.0,0,1,200,1,4,1,5,0.8,"{'subsample': 1.0, 'reg_alpha': 0, 'random_state': 1, 'n_estimators': 200, 'min_child_weight': 1, 'max_depth': 4, 'learning_rate': 1, 'gamma': 5, 'colsample_bytree': 0.8}",0.8450704225352113,0.867231638418079,0.847457627118644,0.8615819209039548,0.8559322033898306,0.8554547624731439,0.008345699696398265,90
0.8945422172546387,0.044576215344601613,0.006252956390380859,0.0004187336049728696,0.8,0,1,100,10,3,1,5,1.0,"{'subsample': 0.8, 'reg_alpha': 0, 'random_state': 1, 'n_estimators': 100, 'min_child_weight': 10, 'max_depth': 3, 'learning_rate': 1, 'gamma': 5, 'colsample_bytree': 1.0}",0.8647887323943662,0.8559322033898306,0.8587570621468926,0.8502824858757062,0.847457627118644,0.855443622185088,0.0061475544081033215,91
3.3659448623657227,0.18582799579018575,0.006325244903564453,0.0006585736594696796,0.8,0,1,300,1,3,1,5,0.8,"{'subsample': 0.8, 'reg_alpha': 0, 'random_state': 1, 'n_estimators': 300, 'min_child_weight': 1, 'max_depth': 3, 'learning_rate': 1, 'gamma': 5, 'colsample_bytree': 0.8}",0.828169014084507,0.8700564971751412,0.8559322033898306,0.8587570621468926,0.8389830508474576,0.8503795655287657,0.014908957161105027,92
3.3199026584625244,0.3254172983612144,0.00777888298034668,0.0013465504803134257,0.6,0,1,300,1,4,1,2,0.6,"{'subsample': 0.6, 'reg_alpha': 0, 'random_state': 1, 'n_estimators': 300, 'min_child_weight': 1, 'max_depth': 4, 'learning_rate': 1, 'gamma': 2, 'colsample_bytree': 0.6}",0.8366197183098592,0.8587570621468926,0.8220338983050848,0.8502824858757062,0.8615819209039548,0.8458550171082996,0.014738637615433715,93
1.030020570755005,0.0497754540187242,0.006563806533813476,0.0012573841040779932,0.6,0,1,100,5,5,1,5,0.6,"{'subsample': 0.6, 'reg_alpha': 0, 'random_state': 1, 'n_estimators': 100, 'min_child_weight': 5, 'max_depth': 5, 'learning_rate': 1, 'gamma': 5, 'colsample_bytree': 0.6}",0.8366197183098592,0.8559322033898306,0.864406779661017,0.8192090395480226,0.847457627118644,0.8447250736054747,0.015730231647701303,94
0.8045163154602051,0.03164833187839113,0.006523656845092774,0.002001727248360888,0.6,0,1,100,5,3,1,5,1.0,"{'subsample': 0.6, 'reg_alpha': 0, 'random_state': 1, 'n_estimators': 100, 'min_child_weight': 5, 'max_depth': 3, 'learning_rate': 1, 'gamma': 5, 'colsample_bytree': 1.0}",0.8338028169014085,0.867231638418079,0.8389830508474576,0.8163841807909604,0.8615819209039548,0.8435967215723721,0.01865371593727156,95
1.2516634464263916,0.18570788393745533,0.012184619903564453,0.0032271931249161327,0.6,0,1,100,10,5,1,2,0.8,"{'subsample': 0.6, 'reg_alpha': 0, 'random_state': 1, 'n_estimators': 100, 'min_child_weight': 10, 'max_depth': 5, 'learning_rate': 1, 'gamma': 2, 'colsample_bytree': 0.8}",0.828169014084507,0.8531073446327684,0.8531073446327684,0.8220338983050848,0.844632768361582,0.8402100740033422,0.012865456787433756,96
0.6486014366149903,0.06386596322632809,0.005735349655151367,0.0006692584636504824,0.6,0,1,100,10,3,1,5,0.6,"{'subsample': 0.6, 'reg_alpha': 0, 'random_state': 1, 'n_estimators': 100, 'min_child_weight': 10, 'max_depth': 3, 'learning_rate': 1, 'gamma': 5, 'colsample_bytree': 0.6}",0.828169014084507,0.847457627118644,0.844632768361582,0.827683615819209,0.8531073446327684,0.840210074003342,0.010395442461405882,97
1.4184072017669678,0.04499088145191304,0.0061356544494628905,0.0007738244600008918,0.6,0,1,200,5,3,1,2,0.8,"{'subsample': 0.6, 'reg_alpha': 0, 'random_state': 1, 'n_estimators': 200, 'min_child_weight': 5, 'max_depth': 3, 'learning_rate': 1, 'gamma': 2, 'colsample_bytree': 0.8}",0.7859154929577464,0.8531073446327684,0.8587570621468926,0.827683615819209,0.864406779661017,0.8379740590435267,0.028898532124046788,98
2.4762768745422363,0.1400946877530831,0.005705451965332032,0.0009204870430303784,0.6,0,1,300,10,4,1,2,0.6,"{'subsample': 0.6, 'reg_alpha': 0, 'random_state': 1, 'n_estimators': 300, 'min_child_weight': 10, 'max_depth': 4, 'learning_rate': 1, 'gamma': 2, 'colsample_bytree': 0.6}",0.8169014084507042,0.847457627118644,0.8361581920903954,0.864406779661017,0.8248587570621468,0.8379565528765814,0.016780884197262765,99
1.7088665962219238,0.19068360100383797,0.02288498878479004,0.017729072553784697,0.8,0,1,100,5,5,1,5,0.6,"{'subsample': 0.8, 'reg_alpha': 0, 'random_state': 1, 'n_estimators': 100, 'min_child_weight': 5, 'max_depth': 5, 'learning_rate': 1, 'gamma': 5, 'colsample_bytree': 0.6}",0.847887323943662,0.8389830508474576,0.8305084745762712,0.8107344632768362,0.8418079096045198,0.8339842444497492,0.012900594731030949,100
