Fielding_Percentage,Scoring,Hit_Batters,Earned_Run_Average,Triples_per_Game,Home_Runs_per_game,Slugging_Percentage,Double_Plays_per_Game,On_Base_Percentage,Stolen_Bases_per_Game,Strikeout-to-Walk_Ratio,Batting_Average,Doubles_per_Game,Shutouts,Team_Strikeouts_Per_Seven_Innings,Conf__ACC,Conf__ASUN,Conf__America East,Conf__Atlantic 10,Conf__Big 12,Conf__Big East,Conf__Big Sky,Conf__Big South,Conf__Big Ten,Conf__Big West,Conf__C-USA,Conf__CAA,Conf__Horizon,Conf__IVY,Conf__Ivy,Conf__MAAC,Conf__MAC,Conf__MEAC,Conf__MVC,Conf__MWC,Conf__NEC,Conf__OVC,Conf__Pac-12,Conf__Patriot,Conf__SEC,Conf__SWAC,Conf__SoCon,Conf__Southland,Conf__Summit,Conf__Sun Belt,Conf__WAC,Conf__WCC
0.984,7.3,14.0,1.4,0.3,1.83,0.639,0.25,0.435,0.97,6.5,0.344,1.6,28.0,7.098000000000001,0,0,0,0,1,0,0,0,0,0,0,0,0,0,0,0,0,0,0,0,0,0,0,0,0,0,0,0,0,0,0,0
0.974,7.03,42.0,1.43,0.21,1.26,0.547,0.23,0.416,0.98,5.52,0.339,1.45,20.0,7.160000000000001,0,0,0,0,0,0,0,0,0,0,0,0,0,0,0,0,0,0,0,0,0,0,1,0,0,0,0,0,0,0,0,0
0.98,5.25,24.0,1.47,0.15,0.79,0.44,0.21,0.383,0.8,5.79,0.297,1.2,24.0,7.328,0,0,0,0,0,0,0,0,0,0,0,0,0,0,0,0,0,0,0,0,0,0,1,0,0,0,0,0,0,0,0,0
0.976,6.48,22.0,1.61,0.11,1.77,0.57,0.29,0.398,0.23,3.71,0.318,1.18,15.0,7.328,0,0,0,0,0,0,0,0,0,0,0,0,0,0,0,0,0,0,0,0,0,0,1,0,0,0,0,0,0,0,0,0
0.973,6.98,32.0,1.87,0.28,1.62,0.601,0.37,0.421,1.77,3.74,0.33,1.58,22.0,7.215999999999999,1,0,0,0,0,0,0,0,0,0,0,0,0,0,0,0,0,0,0,0,0,0,0,0,0,0,0,0,0,0,0,0
0.972,6.17,27.0,2.14,0.17,1.27,0.484,0.21,0.402,2.03,2.41,0.283,0.99,15.0,6.83,0,0,0,0,0,0,0,0,0,0,0,0,0,0,0,0,0,0,0,0,0,0,0,0,1,0,0,0,0,0,0,0
0.976,5.38,27.0,1.67,0.2,1.2,0.496,0.17,0.379,0.68,4.03,0.284,1.45,20.0,7.975999999999999,0,0,0,0,0,0,0,0,1,0,0,0,0,0,0,0,0,0,0,0,0,0,0,0,0,0,0,0,0,0,0,0
0.963,5.03,24.0,1.7,0.21,0.65,0.452,0.27,0.377,0.97,3.82,0.302,1.44,22.0,8.068000000000001,0,0,0,0,1,0,0,0,0,0,0,0,0,0,0,0,0,0,0,0,0,0,0,0,0,0,0,0,0,0,0,0
0.971,5.74,37.0,2.75,0.1,1.32,0.505,0.61,0.384,0.92,1.42,0.285,1.55,12.0,6.8340000000000005,0,0,0,0,1,0,0,0,0,0,0,0,0,0,0,0,0,0,0,0,0,0,0,0,0,0,0,0,0,0,0,0
0.986,4.51,43.0,1.87,0.19,0.82,0.412,0.27,0.376,0.48,4.0,0.264,0.99,25.0,7.95,0,0,0,0,0,0,0,0,0,0,0,0,0,0,0,0,0,0,0,0,0,0,0,0,1,0,0,0,0,0,0,0
0.966,7.57,36.0,1.66,0.13,1.67,0.589,0.21,0.426,0.61,3.36,0.333,1.54,17.0,7.098000000000001,0,0,0,0,0,0,0,0,0,0,0,1,0,0,0,0,0,0,0,0,0,0,0,0,0,0,0,0,0,0,0,0
0.974,5.23,53.0,1.95,0.15,0.95,0.444,0.15,0.387,0.77,3.77,0.266,1.33,17.0,8.022,0,0,0,0,0,0,0,0,1,0,0,0,0,0,0,0,0,0,0,0,0,0,0,0,0,0,0,0,0,0,0,0
0.97,5.79,35.0,2.5,0.13,1.19,0.507,0.24,0.406,1.21,1.27,0.303,1.39,18.0,6.602000000000001,0,0,0,0,0,0,0,0,0,0,0,0,0,0,0,0,0,0,0,0,0,0,0,0,1,0,0,0,0,0,0,0
0.978,6.1,42.0,2.0,0.1,0.97,0.484,0.22,0.403,1.14,3.96,0.314,1.55,16.0,7.49,0,0,0,0,0,0,0,0,1,0,0,0,0,0,0,0,0,0,0,0,0,0,0,0,0,0,0,0,0,0,0,0
0.958,5.18,26.0,2.29,0.38,0.66,0.423,0.39,0.364,2.1,3.91,0.274,1.1,14.0,7.410000000000001,0,0,0,0,0,0,0,0,0,0,0,0,0,0,0,0,0,0,0,0,0,0,0,0,1,0,0,0,0,0,0,0
0.967,6.35,34.0,3.09,0.18,1.18,0.511,0.5,0.401,1.05,1.56,0.303,1.57,12.0,6.6579999999999995,0,0,0,0,0,0,0,0,0,0,0,0,0,0,0,0,0,0,0,0,0,0,0,0,1,0,0,0,0,0,0,0
0.978,5.75,22.0,2.21,0.17,0.82,0.455,0.15,0.392,1.13,3.87,0.302,1.17,14.0,6.837999999999999,0,0,0,0,0,0,0,0,0,0,0,0,0,0,0,0,0,0,0,0,0,0,0,0,1,0,0,0,0,0,0,0
0.973,6.67,14.0,1.48,0.16,1.0,0.52,0.29,0.421,2.91,4.31,0.33,1.5,20.0,7.016,0,0,0,0,0,0,0,0,0,0,0,0,0,0,0,0,0,0,0,0,0,0,0,0,0,0,0,0,0,1,0,0
0.972,6.07,40.0,3.03,0.28,1.12,0.519,0.26,0.406,1.47,1.89,0.319,1.28,12.0,6.614,0,0,0,0,1,0,0,0,0,0,0,0,0,0,0,0,0,0,0,0,0,0,0,0,0,0,0,0,0,0,0,0
0.968,5.53,13.0,2.67,0.2,1.1,0.476,0.5,0.369,1.15,2.42,0.286,1.22,13.0,6.644,0,0,0,0,0,0,0,0,0,0,0,0,0,0,0,0,0,0,0,0,0,0,0,0,1,0,0,0,0,0,0,0
0.972,4.72,37.0,2.88,0.29,0.52,0.398,0.34,0.379,2.14,2.35,0.282,0.78,15.0,7.220000000000001,1,0,0,0,0,0,0,0,0,0,0,0,0,0,0,0,0,0,0,0,0,0,0,0,0,0,0,0,0,0,0,0
0.973,5.19,22.0,1.96,0.14,0.39,0.387,0.14,0.389,1.61,4.31,0.28,1.22,22.0,7.402000000000001,0,0,0,0,0,0,0,0,0,0,0,0,0,0,0,0,0,0,1,0,0,0,0,0,0,0,0,0,0,0,0,0
0.959,5.88,30.0,2.95,0.14,1.35,0.533,0.37,0.407,0.74,1.65,0.306,1.67,6.0,6.644,0,0,0,0,0,0,0,0,0,0,0,0,0,0,0,0,0,0,0,0,0,0,0,0,1,0,0,0,0,0,0,0
0.962,7.47,53.0,4.64,0.22,1.65,0.606,0.36,0.419,1.04,1.16,0.318,1.76,4.0,6.7620000000000005,0,0,0,0,0,0,0,0,0,0,0,0,0,0,0,0,0,0,0,0,0,0,1,0,0,0,0,0,0,0,0,0
0.966,6.03,36.0,2.45,0.23,1.26,0.508,0.16,0.39,0.89,2.05,0.296,1.26,18.0,6.902000000000001,0,0,0,0,0,0,0,0,0,0,0,0,0,0,0,0,0,0,0,0,0,0,0,0,1,0,0,0,0,0,0,0
0.964,5.22,25.0,3.31,0.1,1.07,0.469,0.37,0.37,1.25,1.57,0.284,1.45,13.0,6.888000000000001,0,0,0,0,0,0,0,0,0,0,0,0,0,0,0,0,0,0,0,0,0,0,0,0,1,0,0,0,0,0,0,0
0.969,6.81,38.0,1.98,0.16,1.67,0.598,0.28,0.417,1.05,3.32,0.334,1.69,22.0,7.223999999999999,1,0,0,0,0,0,0,0,0,0,0,0,0,0,0,0,0,0,0,0,0,0,0,0,0,0,0,0,0,0,0,0
0.959,5.17,40.0,3.36,0.16,1.24,0.484,0.29,0.365,0.72,1.27,0.296,0.97,8.0,6.672,0,0,0,0,0,0,0,0,0,0,0,0,0,0,0,0,0,0,0,0,0,0,0,0,1,0,0,0,0,0,0,0
0.968,5.86,25.0,2.2,0.16,1.14,0.481,0.58,0.388,1.18,1.95,0.277,1.46,13.0,7.453999999999999,0,0,0,0,0,0,0,0,1,0,0,0,0,0,0,0,0,0,0,0,0,0,0,0,0,0,0,0,0,0,0,0
0.957,4.47,24.0,2.81,0.14,0.49,0.381,0.26,0.355,0.75,2.16,0.27,1.19,10.0,7.3340000000000005,0,0,0,0,0,0,0,0,0,0,0,0,0,0,0,0,0,0,0,0,0,0,0,0,0,0,0,0,0,0,0,0
0.963,4.66,33.0,3.29,0.47,0.55,0.425,0.36,0.367,0.77,1.82,0.276,1.19,6.0,6.866,0,0,0,0,0,0,0,0,0,0,0,0,0,0,0,0,0,0,0,0,0,0,1,0,0,0,0,0,0,0,0,0
0.974,3.2,43.0,2.14,0.12,0.4,0.336,0.25,0.32,1.22,2.96,0.245,0.88,18.0,7.4239999999999995,0,0,0,0,0,0,0,0,0,0,0,0,0,0,0,0,0,0,0,0,0,0,0,0,0,0,0,0,0,0,0,0
0.947,4.9,43.0,2.0,0.09,0.86,0.445,0.1,0.374,0.22,4.96,0.288,1.28,12.0,7.258,0,0,0,0,0,0,0,0,0,0,0,0,0,0,0,0,0,0,0,0,0,0,0,0,1,0,0,0,0,0,0,0
0.957,5.36,31.0,3.27,0.53,0.69,0.444,0.43,0.375,1.83,1.53,0.281,1.16,11.0,6.616,1,0,0,0,0,0,0,0,0,0,0,0,0,0,0,0,0,0,0,0,0,0,0,0,0,0,0,0,0,0,0,0
0.963,6.38,36.0,3.22,0.33,1.23,0.525,0.5,0.383,1.0,1.43,0.32,1.31,9.0,6.524000000000001,0,0,0,0,0,0,0,0,0,0,0,0,0,0,0,0,0,0,0,1,0,0,0,0,0,0,0,0,0,0,0,0
0.956,4.67,14.0,1.97,0.26,0.52,0.42,0.36,0.368,0.86,2.25,0.291,1.26,17.0,7.545999999999999,0,0,0,0,0,0,0,0,0,0,0,0,0,0,0,0,0,0,0,0,0,0,0,0,0,0,0,0,0,0,0,0
0.967,6.0,20.0,2.68,0.11,0.93,0.491,0.44,0.412,1.64,1.58,0.33,1.29,11.0,6.7299999999999995,1,0,0,0,0,0,0,0,0,0,0,0,0,0,0,0,0,0,0,0,0,0,0,0,0,0,0,0,0,0,0,0
0.966,6.53,20.0,2.57,0.29,1.24,0.553,0.47,0.393,0.73,1.51,0.321,2.02,13.0,6.936,0,0,0,0,0,0,0,0,0,0,0,0,0,0,0,0,0,0,0,1,0,0,0,0,0,0,0,0,0,0,0,0
0.967,5.09,28.0,2.29,0.21,1.08,0.48,0.55,0.374,1.19,1.37,0.296,1.42,14.0,7.906000000000001,0,0,0,0,0,0,0,0,1,0,0,0,0,0,0,0,0,0,0,0,0,0,0,0,0,0,0,0,0,0,0,0
0.967,5.14,18.0,2.79,0.19,0.57,0.419,0.19,0.384,1.83,2.28,0.281,1.57,13.0,6.872,0,1,0,0,0,0,0,0,0,0,0,0,0,0,0,0,0,0,0,0,0,0,0,0,0,0,0,0,0,0,0,0
0.953,5.55,28.0,4.05,0.14,1.1,0.504,0.52,0.388,0.79,0.99,0.311,1.67,3.0,6.787999999999999,0,0,0,0,0,0,0,0,1,0,0,0,0,0,0,0,0,0,0,0,0,0,0,0,0,0,0,0,0,0,0,0
0.943,4.07,20.0,3.53,0.11,0.6,0.381,0.33,0.333,1.16,2.31,0.258,1.18,9.0,6.5120000000000005,0,0,0,0,0,0,0,0,0,0,0,0,0,0,0,0,0,0,0,0,0,0,1,0,0,0,0,0,0,0,0,0
0.979,5.41,22.0,2.8,0.08,0.9,0.458,0.24,0.402,0.9,2.33,0.302,1.16,10.0,6.556,0,0,0,0,0,0,0,0,0,0,0,0,0,0,0,0,0,0,1,0,0,0,0,0,0,0,0,0,0,0,0,0
0.971,6.07,66.0,2.88,0.15,0.75,0.457,0.21,0.395,1.97,2.29,0.305,1.36,12.0,6.730000000000001,0,0,0,0,0,0,0,0,0,0,1,0,0,0,0,0,0,0,0,0,0,0,0,0,0,0,0,0,0,0,0,0
0.979,5.14,33.0,2.39,0.24,0.7,0.455,0.52,0.38,1.1,2.53,0.314,1.26,14.0,7.396000000000001,0,0,0,0,0,0,0,0,0,0,0,0,0,0,0,0,0,0,0,1,0,0,0,0,0,0,0,0,0,0,0,0
0.975,4.71,22.0,2.62,0.2,0.86,0.445,0.34,0.364,0.91,1.83,0.284,1.14,6.0,7.256,0,0,0,0,0,0,0,0,0,1,0,0,0,0,0,0,0,0,0,0,0,0,0,0,0,0,0,0,0,0,0,0
0.975,5.16,32.0,2.57,0.16,0.83,0.451,0.09,0.368,1.02,2.2,0.304,1.07,20.0,7.114000000000002,0,0,0,0,0,0,0,0,0,0,0,0,0,0,0,0,0,0,0,0,0,0,0,0,0,0,0,0,1,0,0,0
0.968,4.0,34.0,3.25,0.16,0.77,0.428,0.52,0.336,0.6,1.39,0.268,1.63,9.0,6.845999999999999,0,0,0,0,1,0,0,0,0,0,0,0,0,0,0,0,0,0,0,0,0,0,0,0,0,0,0,0,0,0,0,0
0.961,4.34,18.0,2.59,0.25,0.38,0.393,0.49,0.363,0.21,2.16,0.276,1.51,10.0,6.962000000000001,0,0,0,0,0,0,0,0,0,0,0,0,0,0,0,0,0,0,0,1,0,0,0,0,0,0,0,0,0,0,0,0
0.965,4.42,31.0,3.7,0.11,0.58,0.39,0.49,0.351,0.75,1.19,0.273,0.98,7.0,6.698,0,0,0,0,0,0,0,0,0,0,0,0,0,0,0,0,0,0,0,0,0,0,0,0,1,0,0,0,0,0,0,0
0.964,3.47,27.0,1.88,0.18,0.29,0.363,0.22,0.339,1.16,2.24,0.26,1.4,10.0,7.498,0,0,0,0,0,0,0,0,0,0,0,0,0,0,0,0,0,0,0,0,0,0,0,0,0,0,0,0,0,0,0,0
0.966,4.32,9.0,2.22,0.14,0.65,0.401,0.14,0.352,2.47,2.3,0.263,1.18,8.0,8.072,0,0,0,0,0,0,0,0,1,0,0,0,0,0,0,0,0,0,0,0,0,0,0,0,0,0,0,0,0,0,0,0
0.969,4.97,35.0,3.4,0.14,0.38,0.402,0.4,0.384,1.29,1.3,0.309,1.1,6.0,6.5920000000000005,0,0,0,0,0,0,0,0,0,0,0,0,0,0,0,0,0,0,0,0,0,0,0,0,0,0,0,0,0,1,0,0
0.959,5.17,19.0,2.74,0.13,0.69,0.422,0.39,0.385,1.22,1.99,0.276,1.44,9.0,6.748,0,0,0,0,0,0,0,0,0,0,1,0,0,0,0,0,0,0,0,0,0,0,0,0,0,0,0,0,0,0,0,0
0.964,4.19,29.0,1.6,0.19,0.44,0.389,0.31,0.351,1.26,3.35,0.276,1.19,19.0,7.604000000000001,0,1,0,0,0,0,0,0,0,0,0,0,0,0,0,0,0,0,0,0,0,0,0,0,0,0,0,0,0,0,0,0
0.962,5.32,39.0,2.35,0.21,0.84,0.465,0.49,0.382,0.86,2.4,0.308,1.3,9.0,7.096000000000001,0,0,0,0,0,0,0,0,0,0,0,0,0,0,0,0,0,0,0,0,0,0,0,0,0,0,0,0,0,0,1,0
0.974,5.4,18.0,2.69,0.16,0.98,0.472,0.1,0.364,1.8,2.05,0.291,1.38,13.0,7.264,0,0,0,0,0,0,0,0,0,0,1,0,0,0,0,0,0,0,0,0,0,0,0,0,0,0,0,0,0,0,0,0
0.961,2.92,19.0,3.96,0.04,0.43,0.328,0.29,0.325,0.84,1.34,0.243,0.78,3.0,6.837999999999999,0,0,0,0,1,0,0,0,0,0,0,0,0,0,0,0,0,0,0,0,0,0,0,0,0,0,0,0,0,0,0,0
0.965,5.67,30.0,2.72,0.38,1.16,0.51,0.38,0.382,1.39,2.28,0.301,1.23,14.0,6.514000000000001,0,0,0,0,0,0,0,0,0,0,0,0,0,0,0,0,0,0,0,0,0,1,0,0,0,0,0,0,0,0,0,0
0.969,4.33,41.0,5.1,0.1,0.81,0.41,0.21,0.365,0.92,1.47,0.265,1.06,5.0,6.627999999999998,0,0,0,0,0,0,0,0,0,0,0,0,0,0,0,0,0,0,0,0,0,0,1,0,0,0,0,0,0,0,0,0
0.976,5.11,24.0,3.31,0.16,0.91,0.448,0.45,0.382,0.61,1.23,0.28,1.32,7.0,6.642,0,0,0,0,0,0,0,0,0,0,0,0,0,0,0,0,0,0,0,0,0,0,0,0,0,0,0,0,0,0,0,0
0.972,3.59,15.0,2.45,0.09,0.66,0.377,0.22,0.303,1.02,2.99,0.251,1.12,11.0,7.2,0,0,0,0,0,0,0,0,0,0,0,0,0,0,0,0,0,0,0,0,0,0,0,0,0,0,0,1,0,0,0,0
0.971,5.19,33.0,2.98,0.28,0.74,0.473,0.39,0.399,0.98,1.64,0.308,1.44,13.0,6.462000000000001,0,0,0,0,0,0,0,0,0,0,0,0,0,0,0,0,0,0,0,1,0,0,0,0,0,0,0,0,0,0,0,0
0.963,4.39,16.0,3.55,0.11,0.5,0.374,0.28,0.376,1.7,1.89,0.261,1.11,9.0,6.7299999999999995,0,0,0,0,0,0,0,0,0,0,0,0,0,0,0,0,0,0,0,0,0,0,0,0,0,0,0,0,0,1,0,0
0.974,4.04,28.0,2.74,0.07,0.44,0.367,0.25,0.366,0.72,2.77,0.263,1.21,10.0,7.362,0,0,0,0,0,0,0,0,0,0,0,0,0,0,0,0,0,0,0,0,0,0,0,0,0,0,0,0,0,1,0,0
0.957,4.71,12.0,2.92,0.22,0.58,0.401,0.22,0.351,1.05,1.68,0.285,1.02,11.0,6.948,0,0,0,0,0,0,0,0,0,0,0,0,0,0,0,0,0,0,0,0,0,0,1,0,0,0,0,0,0,0,0,0
0.95,4.02,25.0,2.41,0.05,0.59,0.405,0.28,0.354,0.54,3.07,0.274,1.54,12.0,7.428,0,0,0,0,0,0,0,0,0,0,0,0,0,0,0,0,0,0,0,0,0,0,0,0,0,0,0,0,0,0,0,1
0.97,4.7,37.0,1.86,0.19,0.64,0.409,0.3,0.353,0.85,2.9,0.278,1.09,16.0,7.8100000000000005,0,0,0,0,0,0,0,0,0,1,0,0,0,0,0,0,0,0,0,0,0,0,0,0,0,0,0,0,0,0,0,0
0.963,5.3,44.0,2.87,0.2,1.23,0.489,0.2,0.383,1.0,1.77,0.273,1.3,16.0,6.832000000000001,0,0,0,0,0,0,0,0,0,0,1,0,0,0,0,0,0,0,0,0,0,0,0,0,0,0,0,0,0,0,0,0
0.956,4.75,31.0,3.1,0.22,0.68,0.41,0.41,0.338,1.73,1.25,0.27,1.2,6.0,7.12,0,0,0,0,0,0,0,1,0,0,0,0,0,0,0,0,0,0,0,0,0,0,0,0,0,0,0,0,0,0,0,0
0.959,4.65,23.0,3.97,0.13,0.81,0.432,0.24,0.357,0.37,0.85,0.258,1.76,5.0,6.6659999999999995,0,0,0,0,0,0,0,0,0,0,0,1,0,0,0,0,0,0,0,0,0,0,0,0,0,0,0,0,0,0,0,0
0.963,5.22,43.0,3.42,0.09,1.27,0.494,0.36,0.373,0.87,2.46,0.288,1.35,10.0,6.454000000000001,0,0,0,0,0,0,0,0,0,0,0,0,0,0,0,0,0,0,0,0,0,0,0,0,0,0,0,0,0,0,1,0
0.955,4.55,25.0,3.2,0.05,1.04,0.438,0.21,0.361,0.3,3.41,0.265,1.29,8.0,6.9719999999999995,0,0,0,0,0,0,0,0,0,0,0,0,0,0,0,0,0,0,0,0,0,0,0,0,0,0,1,0,0,0,0,0
0.967,4.07,38.0,2.46,0.12,0.65,0.405,0.53,0.336,0.65,2.12,0.281,1.07,14.0,7.696,0,0,0,0,0,0,0,0,0,0,0,0,0,0,0,0,0,0,0,0,0,0,0,0,0,0,0,0,0,0,1,0
0.968,3.98,31.0,4.02,0.15,0.65,0.415,0.22,0.342,0.33,2.6,0.28,1.31,12.0,6.628,0,0,0,0,0,0,0,0,0,0,0,0,0,0,0,0,1,0,0,0,0,0,0,0,0,0,0,0,0,0,0,0
0.971,4.38,45.0,3.2,0.1,1.45,0.476,0.2,0.345,0.63,1.86,0.246,1.12,10.0,6.742,0,0,0,0,0,0,0,0,0,0,0,0,0,0,0,0,0,0,0,0,0,0,0,0,0,0,0,0,0,1,0,0
0.968,4.9,28.0,3.29,0.1,0.88,0.451,0.24,0.367,0.61,1.88,0.279,1.63,7.0,6.794,0,0,0,0,0,1,0,0,0,0,0,0,0,0,0,0,0,0,0,0,0,0,0,0,0,0,0,0,0,0,0,0
0.958,5.63,53.0,3.38,0.24,1.27,0.49,0.29,0.359,1.2,1.67,0.283,1.27,12.0,6.428,0,0,0,0,0,0,0,0,0,0,0,0,0,0,0,0,0,0,0,0,0,1,0,0,0,0,0,0,0,0,0,0
0.972,4.31,23.0,2.55,0.2,0.86,0.439,0.2,0.337,0.41,3.56,0.275,1.47,11.0,6.767999999999999,0,0,0,0,0,0,0,0,0,0,0,0,0,0,0,0,1,0,0,0,0,0,0,0,0,0,0,0,0,0,0,0
0.963,5.04,36.0,3.05,0.12,0.64,0.432,0.34,0.38,0.5,1.36,0.297,1.54,11.0,6.548,0,0,0,0,0,0,0,0,0,1,0,0,0,0,0,0,0,0,0,0,0,0,0,0,0,0,0,0,0,0,0,0
0.974,5.52,28.0,1.72,0.14,0.8,0.454,0.36,0.38,2.79,3.41,0.307,1.05,18.0,7.678,0,0,0,0,0,0,0,1,0,0,0,0,0,0,0,0,0,0,0,0,0,0,0,0,0,0,0,0,0,0,0,0
0.967,4.11,16.0,2.24,0.18,0.63,0.395,0.2,0.333,0.66,2.32,0.267,1.04,13.0,7.965999999999999,0,0,0,0,0,0,0,0,0,0,0,0,0,0,0,0,0,0,0,0,0,0,0,0,0,0,0,1,0,0,0,0
0.968,3.31,19.0,1.73,0.2,0.35,0.352,0.37,0.325,0.96,2.44,0.254,1.12,12.0,7.504,0,1,0,0,0,0,0,0,0,0,0,0,0,0,0,0,0,0,0,0,0,0,0,0,0,0,0,0,0,0,0,0
0.957,3.95,56.0,3.45,0.17,1.09,0.411,0.41,0.338,1.03,1.75,0.23,0.84,7.0,6.51,1,0,0,0,0,0,0,0,0,0,0,0,0,0,0,0,0,0,0,0,0,0,0,0,0,0,0,0,0,0,0,0
0.968,3.38,23.0,2.53,0.12,0.25,0.343,0.48,0.326,2.08,1.44,0.262,1.18,8.0,7.324000000000001,0,0,0,0,0,0,0,0,0,0,0,0,0,0,0,0,0,0,0,0,0,0,0,0,0,0,0,1,0,0,0,0
0.954,5.86,24.0,3.78,0.22,1.36,0.514,0.22,0.384,0.48,1.47,0.295,1.3,2.0,6.522,0,0,0,0,0,0,0,0,0,0,0,0,0,0,0,0,0,0,1,0,0,0,0,0,0,0,0,0,0,0,0,0
0.966,4.08,19.0,2.98,0.22,0.31,0.364,0.33,0.357,1.02,2.18,0.277,0.94,5.0,6.634,0,0,0,0,0,0,0,0,0,0,0,0,0,0,0,0,0,0,1,0,0,0,0,0,0,0,0,0,0,0,0,0
0.973,3.7,30.0,3.47,0.34,0.43,0.378,0.25,0.324,1.23,1.71,0.257,1.21,3.0,6.692,1,0,0,0,0,0,0,0,0,0,0,0,0,0,0,0,0,0,0,0,0,0,0,0,0,0,0,0,0,0,0,0
0.961,4.27,31.0,3.59,0.13,0.98,0.426,0.31,0.341,1.09,1.59,0.252,1.15,5.0,6.380000000000001,0,0,0,0,0,0,0,0,1,0,0,0,0,0,0,0,0,0,0,0,0,0,0,0,0,0,0,0,0,0,0,0
0.964,5.62,28.0,4.6,0.1,1.05,0.474,0.29,0.395,0.45,1.36,0.277,1.79,4.0,6.6659999999999995,1,0,0,0,0,0,0,0,0,0,0,0,0,0,0,0,0,0,0,0,0,0,0,0,0,0,0,0,0,0,0,0
0.963,5.32,36.0,3.43,0.14,0.93,0.453,0.26,0.373,1.16,2.11,0.293,1.23,6.0,6.462000000000001,0,0,0,0,0,0,0,0,0,0,0,0,0,0,0,0,0,0,0,0,0,1,0,0,0,0,0,0,0,0,0,0
0.966,4.76,24.0,3.99,0.14,0.65,0.412,0.29,0.377,0.51,1.26,0.282,1.19,3.0,6.6659999999999995,0,0,0,0,0,0,0,0,1,0,0,0,0,0,0,0,0,0,0,0,0,0,0,0,0,0,0,0,0,0,0,0
0.957,4.69,16.0,2.68,0.04,1.04,0.438,0.47,0.351,0.51,2.81,0.262,1.2,10.0,7.136,0,0,0,0,0,0,0,0,0,1,0,0,0,0,0,0,0,0,0,0,0,0,0,0,0,0,0,0,0,0,0,0
0.965,5.12,15.0,3.34,0.12,1.16,0.437,0.35,0.361,0.86,1.63,0.263,0.96,8.0,6.49,0,0,0,0,0,0,0,0,0,0,0,0,0,0,0,0,0,0,1,0,0,0,0,0,0,0,0,0,0,0,0,0
0.968,4.64,27.0,3.76,0.13,0.71,0.429,0.2,0.36,0.36,2.2,0.281,1.57,8.0,6.666000000000001,0,0,0,0,0,0,0,0,0,0,0,0,0,0,0,0,0,0,0,1,0,0,0,0,0,0,0,0,0,0,0,0
0.961,4.78,31.0,2.34,0.11,0.72,0.427,0.17,0.364,0.52,1.9,0.293,1.19,8.0,7.546000000000001,0,0,0,0,0,0,0,0,0,0,0,0,0,0,0,0,0,0,0,0,0,0,0,0,0,0,1,0,0,0,0,0
0.963,3.93,11.0,1.85,0.18,0.54,0.382,0.18,0.346,0.54,3.32,0.27,0.93,15.0,7.8340000000000005,0,0,0,0,0,0,0,0,0,0,0,0,0,0,0,0,0,0,0,0,0,0,0,1,0,0,0,0,0,0,0,0
0.969,4.73,32.0,2.37,0.15,0.6,0.423,0.21,0.368,1.23,2.3,0.286,1.46,10.0,7.62,0,0,0,0,0,0,0,0,0,0,1,0,0,0,0,0,0,0,0,0,0,0,0,0,0,0,0,0,0,0,0,0
0.962,3.27,34.0,3.85,0.04,0.31,0.345,0.33,0.325,0.96,1.1,0.265,1.16,4.0,6.784000000000001,0,0,0,0,0,0,0,0,0,0,0,0,0,0,0,0,0,0,0,1,0,0,0,0,0,0,0,0,0,0,0,0
0.963,3.87,19.0,6.27,0.26,0.7,0.429,0.52,0.357,0.63,0.63,0.276,1.17,2.0,6.566,0,0,0,0,0,0,0,0,0,0,0,0,0,0,0,0,0,0,0,0,0,0,1,0,0,0,0,0,0,0,0,0
0.946,4.88,22.0,4.6,0.21,0.85,0.44,0.35,0.365,1.44,1.35,0.267,1.5,3.0,6.8340000000000005,0,0,0,0,0,0,0,0,1,0,0,0,0,0,0,0,0,0,0,0,0,0,0,0,0,0,0,0,0,0,0,0
0.955,5.44,41.0,3.3,0.25,1.24,0.489,0.15,0.379,0.95,1.81,0.295,1.16,4.0,6.462000000000001,0,0,0,0,0,0,0,0,0,0,0,0,0,0,0,0,1,0,0,0,0,0,0,0,0,0,0,0,0,0,0,0
0.964,5.04,21.0,2.61,0.16,1.11,0.475,0.35,0.362,0.91,3.94,0.291,1.38,8.0,6.587999999999999,0,0,0,0,0,0,0,0,0,0,0,0,0,0,0,0,0,0,0,0,0,1,0,0,0,0,0,0,0,0,0,0
0.964,3.69,60.0,2.83,0.22,0.44,0.384,0.46,0.343,1.0,2.03,0.279,0.96,8.0,7.090000000000001,0,1,0,0,0,0,0,0,0,0,0,0,0,0,0,0,0,0,0,0,0,0,0,0,0,0,0,0,0,0,0,0
0.96,4.71,16.0,3.03,0.11,0.91,0.441,0.38,0.352,0.71,1.59,0.278,1.32,6.0,6.766,0,0,0,0,0,0,0,0,0,0,0,0,0,0,0,0,0,0,0,0,0,0,0,0,0,0,0,0,0,0,0,1
0.972,3.83,20.0,2.34,0.03,0.51,0.376,0.08,0.347,0.76,2.38,0.274,1.19,9.0,7.748,0,0,0,0,0,0,0,0,0,0,0,0,0,0,0,0,0,0,0,0,0,0,0,0,0,0,0,1,0,0,0,0
0.971,5.32,26.0,3.53,0.21,0.8,0.434,0.39,0.373,0.79,1.36,0.275,1.46,7.0,6.462000000000001,0,0,0,0,0,0,0,0,0,0,0,0,0,0,0,0,0,0,0,0,0,0,0,0,0,0,0,0,1,0,0,0
0.957,4.5,18.0,4.19,0.27,0.38,0.42,0.33,0.382,0.77,1.03,0.311,1.15,5.0,6.578,0,0,0,0,0,0,1,0,0,0,0,0,0,0,0,0,0,0,0,0,0,0,0,0,0,0,0,0,0,0,0,0
0.9596,3.382,37.4,2.96,0.13999999999999999,0.42000000000000004,0.3544,0.302,0.3308,1.126,1.9119999999999997,0.25620000000000004,1.0260000000000002,6.6,7.65,0,1,0,0,0,0,0,0,0,0,0,0,0,0,0,0,0,0,0,0,0,0,0,0,0,0,0,0,0,0,0,0
0.969,3.98,19.0,2.78,0.05,0.59,0.351,0.32,0.321,0.79,1.42,0.239,1.04,9.0,6.7299999999999995,0,0,0,0,0,0,0,0,0,0,0,0,0,0,0,0,0,0,0,0,0,0,0,0,0,0,0,0,0,1,0,0
0.963,2.69,25.0,4.02,0.27,0.29,0.304,0.29,0.289,0.92,2.01,0.215,0.73,5.0,6.796000000000001,0,0,0,0,0,0,0,0,1,0,0,0,0,0,0,0,0,0,0,0,0,0,0,0,0,0,0,0,0,0,0,0
0.961,4.9,16.0,2.47,0.08,0.98,0.463,0.2,0.37,0.57,3.26,0.29,1.53,10.0,6.888,0,0,1,0,0,0,0,0,0,0,0,0,0,0,0,0,0,0,0,0,0,0,0,0,0,0,0,0,0,0,0,0
0.955,5.08,26.0,4.39,0.15,0.98,0.463,0.23,0.376,1.48,1.35,0.285,1.38,6.0,6.8340000000000005,0,0,0,0,0,1,0,0,0,0,0,0,0,0,0,0,0,0,0,0,0,0,0,0,0,0,0,0,0,0,0,0
0.963,4.44,8.0,3.46,0.1,0.88,0.42,0.25,0.347,0.54,1.58,0.268,1.31,6.0,6.5760000000000005,0,0,1,0,0,0,0,0,0,0,0,0,0,0,0,0,0,0,0,0,0,0,0,0,0,0,0,0,0,0,0,0
0.964,6.02,17.0,3.48,0.31,0.71,0.502,0.26,0.405,1.26,2.09,0.341,1.68,6.0,6.668000000000001,0,0,0,1,0,0,0,0,0,0,0,0,0,0,0,0,0,0,0,0,0,0,0,0,0,0,0,0,0,0,0,0
0.942,4.04,29.0,5.38,0.09,1.0,0.45,0.36,0.331,0.43,1.2,0.269,1.42,4.0,6.628,1,0,0,0,0,0,0,0,0,0,0,0,0,0,0,0,0,0,0,0,0,0,0,0,0,0,0,0,0,0,0,0
0.962,4.39,65.0,3.95,0.05,0.7,0.399,0.18,0.362,0.67,1.42,0.264,1.33,6.0,6.6659999999999995,0,0,0,0,0,0,0,0,0,0,0,0,0,0,0,0,1,0,0,0,0,0,0,0,0,0,0,0,0,0,0,0
0.967,4.69,19.0,3.81,0.15,0.58,0.425,0.4,0.376,1.96,1.23,0.289,1.52,8.0,6.7780000000000005,0,0,0,0,0,0,0,0,0,0,0,0,0,0,0,0,1,0,0,0,0,0,0,0,0,0,0,0,0,0,0,0
0.966,3.37,31.0,3.53,0.16,0.35,0.318,0.27,0.334,1.06,1.8,0.233,0.75,5.0,6.812,0,0,0,0,0,0,0,0,0,0,1,0,0,0,0,0,0,0,0,0,0,0,0,0,0,0,0,0,0,0,0,0
0.974,4.87,45.0,3.15,0.2,0.46,0.404,0.33,0.365,0.74,1.25,0.297,1.17,9.0,6.678,0,0,0,0,0,0,0,0,0,0,0,0,0,0,0,0,0,0,0,0,1,0,0,0,0,0,0,0,0,0,0,0
0.96,4.69,38.0,3.57,0.3,0.61,0.423,0.17,0.352,0.89,1.76,0.273,1.56,5.0,6.5840000000000005,0,0,0,0,0,0,0,0,0,0,0,1,0,0,0,0,0,0,0,0,0,0,0,0,0,0,0,0,0,0,0,0
0.959,5.17,18.0,3.13,0.19,0.65,0.424,0.17,0.376,0.52,2.36,0.29,1.19,9.0,6.494,0,0,0,0,0,0,0,0,0,0,0,0,0,0,0,0,0,0,0,0,0,1,0,0,0,0,0,0,0,0,0,0
0.954,4.24,33.0,5.84,0.2,0.49,0.405,0.29,0.35,0.8,0.55,0.288,1.2,2.0,6.831999999999999,0,0,0,0,0,0,0,0,1,0,0,0,0,0,0,0,0,0,0,0,0,0,0,0,0,0,0,0,0,0,0,0
0.951,5.06,52.0,2.82,0.15,1.11,0.44,0.35,0.364,0.8,1.9,0.243,1.44,10.0,6.656000000000001,0,0,0,0,0,0,0,0,0,0,0,0,0,0,0,0,1,0,0,0,0,0,0,0,0,0,0,0,0,0,0,0
0.962,6.13,39.0,4.22,0.2,0.93,0.497,0.49,0.404,1.42,0.98,0.323,1.36,12.0,6.7620000000000005,0,0,0,0,0,0,0,0,0,0,0,0,1,0,0,0,0,0,0,0,0,0,0,0,0,0,0,0,0,0,0,0
0.957,3.61,38.0,3.82,0.12,0.47,0.365,0.25,0.34,1.24,1.44,0.264,1.0,7.0,6.672,0,0,0,0,0,0,0,0,0,0,1,0,0,0,0,0,0,0,0,0,0,0,0,0,0,0,0,0,0,0,0,0
0.974,4.13,27.0,2.26,0.26,0.67,0.417,0.3,0.333,0.98,3.27,0.273,1.26,14.0,7.724000000000001,0,0,0,0,0,0,0,0,0,0,0,0,0,0,0,1,0,0,0,0,0,0,0,0,0,0,0,0,0,0,0,0
0.963,3.98,35.0,4.09,0.11,0.52,0.355,0.31,0.341,0.89,1.17,0.249,0.98,4.0,6.606,0,0,0,0,0,0,0,0,0,0,0,0,0,0,0,0,0,0,0,0,0,0,0,0,0,0,0,0,0,0,0,0
0.961,4.28,24.0,3.59,0.06,0.51,0.373,0.28,0.344,0.96,2.03,0.267,1.17,9.0,6.872,0,0,0,0,0,0,0,0,0,0,0,0,0,0,0,0,0,0,0,0,0,1,0,0,0,0,0,0,0,0,0,0
0.959,5.26,25.0,2.75,0.25,0.33,0.403,0.26,0.377,3.98,1.22,0.301,1.28,10.0,6.843999999999999,0,0,0,0,0,0,0,0,0,0,0,0,0,0,0,0,0,0,0,0,0,0,0,0,0,0,0,1,0,0,0,0
0.956,4.42,44.0,4.69,0.26,0.51,0.405,0.23,0.358,0.89,1.44,0.263,1.38,6.0,6.628,1,0,0,0,0,0,0,0,0,0,0,0,0,0,0,0,0,0,0,0,0,0,0,0,0,0,0,0,0,0,0,0
0.957,4.62,25.0,3.77,0.22,0.56,0.393,0.18,0.353,0.75,2.28,0.263,1.31,5.0,6.464,0,0,0,0,0,0,0,1,0,0,0,0,0,0,0,0,0,0,0,0,0,0,0,0,0,0,0,0,0,0,0,0
0.963,5.3,37.0,3.96,0.26,0.94,0.457,0.17,0.363,0.85,1.9,0.275,1.42,8.0,6.58,0,0,0,0,0,1,0,0,0,0,0,0,0,0,0,0,0,0,0,0,0,0,0,0,0,0,0,0,0,0,0,0
0.962,3.76,51.0,3.34,0.15,0.61,0.396,0.37,0.332,0.59,2.09,0.257,1.43,4.0,6.706,0,0,0,0,0,0,0,0,0,1,0,0,0,0,0,0,0,0,0,0,0,0,0,0,0,0,0,0,0,0,0,0
0.957,3.86,21.0,4.23,0.06,0.61,0.381,0.37,0.347,0.43,1.82,0.257,1.22,7.0,6.606,0,0,0,0,0,0,0,0,0,0,0,0,0,0,0,0,0,0,1,0,0,0,0,0,0,0,0,0,0,0,0,0
0.954,4.59,31.0,3.82,0.2,0.67,0.413,0.49,0.347,0.59,1.28,0.286,1.03,11.0,6.572,0,0,0,0,0,0,0,0,0,0,0,0,0,0,0,0,0,0,0,0,0,0,0,0,0,0,0,0,1,0,0,0
0.944,5.16,29.0,3.84,0.15,0.95,0.459,0.2,0.367,0.6,1.9,0.306,1.13,1.0,6.5840000000000005,0,0,0,1,0,0,0,0,0,0,0,0,0,0,0,0,0,0,0,0,0,0,0,0,0,0,0,0,0,0,0,0
0.958,4.0,59.0,4.04,0.22,0.62,0.387,0.38,0.325,0.95,1.02,0.253,1.13,7.0,6.606,0,0,0,0,0,0,0,0,0,0,0,0,0,0,0,0,0,0,0,0,0,0,0,0,0,0,0,0,0,0,0,0
0.958,3.73,33.0,2.65,0.12,0.56,0.372,0.35,0.324,0.83,2.22,0.253,1.31,7.0,7.2,0,0,0,0,0,1,0,0,0,0,0,0,0,0,0,0,0,0,0,0,0,0,0,0,0,0,0,0,0,0,0,0
0.968,4.98,19.0,3.11,0.26,0.35,0.373,0.47,0.341,1.6,1.19,0.269,1.33,3.0,6.706,0,0,1,0,0,0,0,0,0,0,0,0,0,0,0,0,0,0,0,0,0,0,0,0,0,0,0,0,0,0,0,0
0.963,4.65,14.0,3.03,0.25,0.27,0.381,0.25,0.38,0.56,2.3,0.294,1.1,4.0,6.860000000000001,0,0,0,1,0,0,0,0,0,0,0,0,0,0,0,0,0,0,0,0,0,0,0,0,0,0,0,0,0,0,0,0
0.966,3.86,33.0,2.83,0.18,0.61,0.387,0.21,0.35,1.04,1.66,0.261,1.07,9.0,7.07,0,0,0,0,0,0,0,0,0,0,0,0,0,0,0,0,0,0,0,0,0,0,0,0,0,0,0,1,0,0,0,0
0.954,4.15,25.0,3.97,0.24,0.72,0.395,0.39,0.347,0.93,1.44,0.244,1.17,8.0,6.475999999999999,0,0,0,0,0,0,0,0,0,0,0,1,0,0,0,0,0,0,0,0,0,0,0,0,0,0,0,0,0,0,0,0
0.964,3.75,36.0,3.72,0.16,0.27,0.38,0.2,0.347,1.05,2.35,0.289,1.31,6.0,6.731999999999999,0,0,0,0,0,0,0,0,0,0,0,0,0,0,0,0,0,0,0,0,0,0,0,1,0,0,0,0,0,0,0,0
0.964,3.88,40.0,4.18,0.18,0.32,0.377,0.39,0.356,0.41,1.05,0.272,1.41,5.0,6.605999999999999,0,0,0,0,0,0,0,0,0,0,0,1,0,0,0,0,0,0,0,0,0,0,0,0,0,0,0,0,0,0,0,0
0.951,5.08,66.0,4.85,0.08,1.08,0.473,0.39,0.375,0.31,0.98,0.291,1.55,4.0,6.6659999999999995,0,0,0,0,0,0,0,0,0,0,0,0,0,0,0,0,0,0,0,0,0,0,0,0,0,0,0,0,0,1,0,0
0.945,3.44,24.0,3.55,0.12,0.28,0.341,0.62,0.341,1.72,0.99,0.26,1.0,3.0,6.634,0,0,0,0,0,0,0,0,0,0,1,0,0,0,0,0,0,0,0,0,0,0,0,0,0,0,0,0,0,0,0,0
0.961,3.14,37.0,4.95,0.1,0.55,0.366,0.49,0.318,0.29,0.82,0.246,1.25,5.0,6.6579999999999995,0,0,0,0,1,0,0,0,0,0,0,0,0,0,0,0,0,0,0,0,0,0,0,0,0,0,0,0,0,0,0,0
0.963,4.77,34.0,5.09,0.13,0.4,0.401,0.7,0.383,1.62,0.65,0.305,1.19,5.0,6.8340000000000005,0,0,0,0,0,0,0,0,0,0,0,1,0,0,0,0,0,0,0,0,0,0,0,0,0,0,0,0,0,0,0,0
0.942,3.93,16.0,3.51,0.16,0.88,0.427,0.14,0.34,0.7,2.58,0.261,1.2,6.0,6.51,0,0,0,0,0,0,0,0,1,0,0,0,0,0,0,0,0,0,0,0,0,0,0,0,0,0,0,0,0,0,0,0
0.966,3.89,52.0,4.69,0.15,0.81,0.395,0.5,0.332,0.74,0.91,0.258,0.87,4.0,6.575999999999999,0,0,0,0,0,0,0,0,0,0,0,0,0,0,0,0,0,0,0,0,0,0,0,0,0,0,1,0,0,0,0,0
0.949,4.94,34.0,4.24,0.2,0.74,0.436,0.2,0.378,0.94,1.63,0.286,1.37,5.0,6.566,0,0,0,0,0,0,0,1,0,0,0,0,0,0,0,0,0,0,0,0,0,0,0,0,0,0,0,0,0,0,0,0
0.96,3.88,17.0,3.15,0.04,0.56,0.364,0.24,0.328,0.6,2.04,0.258,1.08,8.0,6.742,0,0,0,0,0,0,0,0,0,0,0,0,0,0,0,0,0,0,0,0,0,0,0,0,0,0,0,0,0,0,0,0
0.958,4.36,38.0,4.36,0.16,0.5,0.419,0.52,0.354,0.64,1.32,0.29,1.68,2.0,6.554,0,0,0,0,0,0,0,0,0,0,1,0,0,0,0,0,0,0,0,0,0,0,0,0,0,0,0,0,0,0,0,0
0.968,5.0,34.0,3.97,0.16,0.52,0.407,0.27,0.361,1.61,1.27,0.283,1.34,2.0,6.58,0,0,0,0,0,0,0,0,0,0,0,0,0,1,0,0,0,0,0,0,0,0,0,0,0,0,0,0,0,0,0,0
0.962,3.78,28.0,4.74,0.27,0.47,0.375,0.33,0.33,0.65,1.23,0.253,1.1,1.0,6.655999999999999,0,0,0,0,0,0,0,0,0,0,0,0,0,0,0,0,1,0,0,0,0,0,0,0,0,0,0,0,0,0,0,0
0.963,4.09,32.0,4.31,0.13,0.47,0.384,0.28,0.358,0.62,1.05,0.274,1.13,4.0,6.476000000000001,0,0,0,0,0,0,0,0,0,1,0,0,0,0,0,0,0,0,0,0,0,0,0,0,0,0,0,0,0,0,0,0
0.963,4.78,16.0,3.64,0.26,0.5,0.428,0.24,0.366,1.2,1.37,0.302,1.32,9.0,6.5840000000000005,0,0,0,0,0,0,0,0,0,0,0,0,0,0,0,0,0,0,1,0,0,0,0,0,0,0,0,0,0,0,0,0
0.938,3.38,87.0,5.22,0.17,0.36,0.343,0.4,0.335,0.87,1.02,0.248,0.94,4.0,6.5760000000000005,1,0,0,0,0,0,0,0,0,0,0,0,0,0,0,0,0,0,0,0,0,0,0,0,0,0,0,0,0,0,0,0
0.958,4.81,28.0,3.5,0.23,0.42,0.384,0.47,0.335,1.43,1.18,0.268,1.4,6.0,6.5920000000000005,0,0,0,1,0,0,0,0,0,0,0,0,0,0,0,0,0,0,0,0,0,0,0,0,0,0,0,0,0,0,0,0
0.958,4.81,29.0,5.62,0.06,1.02,0.44,0.26,0.367,0.21,1.12,0.275,1.15,5.0,6.578,0,0,0,0,0,0,0,0,0,0,0,0,0,0,0,0,0,0,0,1,0,0,0,0,0,0,0,0,0,0,0,0
0.957,4.93,20.0,2.88,0.3,0.77,0.437,0.34,0.36,0.95,1.47,0.283,1.34,9.0,6.49,0,0,0,0,0,0,1,0,0,0,0,0,0,0,0,0,0,0,0,0,0,0,0,0,0,0,0,0,0,0,0,0
0.944,3.57,30.0,6.66,0.15,0.64,0.367,0.11,0.333,0.19,0.96,0.231,1.06,3.0,6.566,0,0,0,0,0,0,0,0,0,0,0,0,0,0,0,0,0,0,0,1,0,0,0,0,0,0,0,0,0,0,0,0
0.953,4.0,55.0,3.42,0.16,0.6,0.403,0.29,0.353,1.25,1.67,0.271,1.36,5.0,6.5920000000000005,0,1,0,0,0,0,0,0,0,0,0,0,0,0,0,0,0,0,0,0,0,0,0,0,0,0,0,0,0,0,0,0
0.953,4.88,27.0,5.82,0.2,0.88,0.441,0.22,0.37,0.9,0.99,0.271,1.3,3.0,6.869999999999999,0,0,0,0,0,0,0,0,1,0,0,0,0,0,0,0,0,0,0,0,0,0,0,0,0,0,0,0,0,0,0,0
0.949,3.48,19.0,4.05,0.17,0.71,0.371,0.29,0.34,0.6,1.5,0.232,1.02,7.0,6.7379999999999995,0,0,0,0,0,0,0,0,0,0,1,0,0,0,0,0,0,0,0,0,0,0,0,0,0,0,0,0,0,0,0,0
0.958,4.35,25.0,2.77,0.35,0.52,0.419,0.33,0.357,1.21,2.52,0.284,1.31,9.0,7.26,0,0,0,0,0,0,0,0,0,0,0,0,0,0,0,0,0,0,0,0,0,0,0,1,0,0,0,0,0,0,0,0
0.964,4.53,16.0,3.64,0.23,0.4,0.355,0.08,0.356,0.53,3.74,0.257,1.05,2.0,6.4879999999999995,0,0,0,0,0,0,0,0,0,0,0,0,0,0,0,0,0,0,0,0,0,0,0,0,0,0,0,0,1,0,0,0
0.947,5.8,45.0,5.4,0.25,1.1,0.481,0.2,0.378,0.57,0.92,0.287,1.62,4.0,6.87,0,0,0,0,0,0,0,0,0,0,0,0,0,0,0,0,0,0,0,0,1,0,0,0,0,0,0,0,0,0,0,0
0.959,4.32,51.0,3.32,0.1,0.73,0.416,0.27,0.348,0.93,1.9,0.282,1.25,5.0,6.380000000000001,0,0,0,0,0,0,0,1,0,0,0,0,0,0,0,0,0,0,0,0,0,0,0,0,0,0,0,0,0,0,0,0
0.952,5.07,35.0,4.56,0.14,0.46,0.384,0.16,0.365,1.18,1.31,0.278,1.11,4.0,6.58,0,0,0,0,0,0,0,0,0,0,0,0,0,0,0,0,0,0,0,0,0,0,0,0,0,0,1,0,0,0,0,0
0.952,4.24,20.0,4.4,0.27,0.53,0.388,0.35,0.343,1.78,1.4,0.261,1.2,4.0,6.522,0,0,0,0,0,0,0,0,0,0,0,1,0,0,0,0,0,0,0,0,0,0,0,0,0,0,0,0,0,0,0,0
0.956,4.41,51.0,3.67,0.08,0.96,0.428,0.29,0.348,0.27,1.0,0.261,1.31,2.0,6.5760000000000005,0,0,0,0,0,0,0,0,0,0,0,0,0,0,0,0,0,0,0,0,0,0,0,0,0,0,0,0,0,1,0,0
0.966,4.42,29.0,7.0,0.12,0.98,0.458,0.5,0.36,0.36,0.61,0.286,1.28,2.0,6.618,0,0,0,0,0,0,0,0,0,0,1,0,0,0,0,0,0,0,0,0,0,0,0,0,0,0,0,0,0,0,0,0
0.947,5.76,31.0,3.93,0.35,0.76,0.472,0.15,0.387,1.02,1.76,0.297,1.5,7.0,6.7620000000000005,0,0,0,0,0,0,0,1,0,0,0,0,0,0,0,0,0,0,0,0,0,0,0,0,0,0,0,0,0,0,0,0
0.952,4.8,33.0,3.84,0.14,0.89,0.43,0.43,0.378,0.66,1.37,0.279,0.98,5.0,6.6659999999999995,0,0,0,0,0,1,0,0,0,0,0,0,0,0,0,0,0,0,0,0,0,0,0,0,0,0,0,0,0,0,0,0
0.951,4.46,22.0,4.28,0.27,0.73,0.447,0.35,0.354,0.81,1.75,0.277,1.75,2.0,6.578,0,0,0,0,0,1,0,0,0,0,0,0,0,0,0,0,0,0,0,0,0,0,0,0,0,0,0,0,0,0,0,0
0.967,4.23,38.0,3.13,0.11,0.43,0.374,0.3,0.338,2.32,1.71,0.269,1.09,7.0,7.192,0,0,0,0,0,0,0,0,0,0,0,0,0,0,0,0,0,0,0,0,0,1,0,0,0,0,0,0,0,0,0,0
0.948,2.72,24.0,2.99,0.12,0.09,0.287,0.35,0.313,1.02,1.16,0.236,0.79,4.0,6.94,0,0,0,0,0,0,0,0,0,0,0,0,0,0,0,0,0,0,0,0,0,0,0,0,0,0,0,1,0,0,0,0
0.956,3.56,39.0,6.18,0.07,1.02,0.402,0.46,0.337,0.7,0.58,0.244,0.78,3.0,6.566,1,0,0,0,0,0,0,0,0,0,0,0,0,0,0,0,0,0,0,0,0,0,0,0,0,0,0,0,0,0,0,0
0.961,3.63,33.0,3.24,0.13,0.72,0.393,0.24,0.319,0.17,1.25,0.255,1.2,6.0,6.802,0,0,0,0,0,0,0,0,0,0,0,0,0,0,0,0,0,0,0,0,0,0,0,0,0,0,0,1,0,0,0,0
0.948,4.0,21.0,3.42,0.07,0.61,0.39,0.2,0.33,0.33,1.48,0.275,1.24,6.0,6.632000000000001,0,0,0,0,0,0,0,0,0,0,0,0,0,0,0,0,1,0,0,0,0,0,0,0,0,0,0,0,0,0,0,0
0.968,4.25,11.0,2.68,0.14,0.56,0.394,0.35,0.348,1.46,2.06,0.269,1.4,9.0,7.244,0,0,0,0,0,0,0,0,0,0,0,0,0,0,0,1,0,0,0,0,0,0,0,0,0,0,0,0,0,0,0,0
0.974,4.35,22.0,4.68,0.12,0.61,0.375,0.22,0.346,0.98,0.91,0.263,0.92,4.0,6.678,0,0,0,0,0,0,0,0,0,0,0,0,0,0,0,0,0,0,0,0,0,0,0,0,0,0,1,0,0,0,0,0
0.955,3.96,23.0,4.27,0.09,0.89,0.385,0.2,0.309,0.76,1.29,0.242,0.93,6.0,6.566,0,0,0,0,0,0,0,0,0,0,0,0,0,0,0,0,0,0,0,0,0,1,0,0,0,0,0,0,0,0,0,0
0.949,4.19,24.0,2.81,0.2,0.39,0.38,0.15,0.337,1.2,2.27,0.277,1.13,17.0,7.330000000000001,0,0,1,0,0,0,0,0,0,0,0,0,0,0,0,0,0,0,0,0,0,0,0,0,0,0,0,0,0,0,0,0
0.963,4.45,39.0,5.52,0.27,0.48,0.401,0.14,0.342,1.75,1.12,0.271,1.5,1.0,6.831999999999999,0,0,0,0,0,0,0,0,0,0,0,0,0,0,0,0,0,0,0,0,0,1,0,0,0,0,0,0,0,0,0,0
0.957,4.87,35.0,4.0,0.19,0.21,0.352,0.19,0.344,1.36,1.18,0.27,1.15,3.0,6.580000000000001,0,0,0,0,0,0,0,0,0,0,0,0,0,0,0,0,0,1,0,0,0,0,0,0,0,0,0,0,0,0,0,0
0.958,3.71,28.0,4.39,0.08,0.6,0.4,0.37,0.339,0.35,0.67,0.268,1.52,5.0,6.656000000000001,0,0,0,0,0,0,0,0,0,0,0,0,0,0,0,0,0,0,0,0,0,0,0,1,0,0,0,0,0,0,0,0
0.948,2.27,23.0,4.3,0.04,0.31,0.294,0.43,0.281,0.31,0.94,0.215,0.98,1.0,6.846000000000001,0,0,0,0,0,0,0,0,0,1,0,0,0,0,0,0,0,0,0,0,0,0,0,0,0,0,0,0,0,0,0,0
0.959,4.76,33.0,4.02,0.31,0.71,0.432,0.33,0.36,0.58,1.15,0.278,1.11,5.0,6.6659999999999995,0,0,0,0,0,0,0,0,0,0,0,0,0,1,0,0,0,0,0,0,0,0,0,0,0,0,0,0,0,0,0,0
0.952,4.1,33.0,6.37,0.22,0.66,0.433,0.26,0.36,0.18,0.82,0.286,1.44,1.0,6.566,0,0,0,0,0,0,0,0,0,0,1,0,0,0,0,0,0,0,0,0,0,0,0,0,0,0,0,0,0,0,0,0
0.956,3.34,31.0,2.95,0.17,0.47,0.361,0.32,0.305,1.39,1.81,0.248,1.14,13.0,7.26,0,0,0,0,0,0,0,0,0,0,0,0,1,0,0,0,0,0,0,0,0,0,0,0,0,0,0,0,0,0,0,0
0.955,3.0,25.0,3.5,0.06,0.54,0.337,0.16,0.313,0.78,2.38,0.235,0.92,4.0,6.846000000000001,0,1,0,0,0,0,0,0,0,0,0,0,0,0,0,0,0,0,0,0,0,0,0,0,0,0,0,0,0,0,0,0
0.958,2.91,28.0,3.32,0.06,0.17,0.296,0.23,0.32,1.64,1.04,0.242,0.77,4.0,6.798,0,1,0,0,0,0,0,0,0,0,0,0,0,0,0,0,0,0,0,0,0,0,0,0,0,0,0,0,0,0,0,0
0.954,4.83,25.0,3.66,0.15,0.54,0.416,0.26,0.373,2.07,1.33,0.292,1.39,6.0,6.662000000000001,0,0,0,0,0,0,0,0,0,0,0,0,0,0,0,0,0,0,0,0,0,0,0,0,0,0,0,1,0,0,0,0
0.947,3.23,22.0,4.25,0.09,0.47,0.353,0.15,0.317,1.15,1.63,0.245,1.17,2.0,6.784000000000001,0,0,0,0,0,0,1,0,0,0,0,0,0,0,0,0,0,0,0,0,0,0,0,0,0,0,0,0,0,0,0,0
0.95,4.55,47.0,4.78,0.08,0.73,0.423,0.08,0.331,1.47,1.19,0.28,1.41,5.0,6.542,0,0,0,1,0,0,0,0,0,0,0,0,0,0,0,0,0,0,0,0,0,0,0,0,0,0,0,0,0,0,0,0
0.95,3.29,27.0,5.89,0.25,0.86,0.409,0.37,0.327,0.65,0.81,0.244,1.12,2.0,6.566,0,0,0,0,0,0,0,0,0,0,0,0,0,0,0,0,0,0,0,0,0,0,0,0,0,0,1,0,0,0,0,0
0.956,3.56,41.0,3.36,0.11,0.14,0.292,0.18,0.332,1.61,1.56,0.24,0.63,10.0,6.634,0,0,0,0,0,0,0,0,0,0,0,0,0,0,0,0,0,1,0,0,0,0,0,0,0,0,0,0,0,0,0,0
0.944,4.63,30.0,4.98,0.23,0.56,0.405,0.23,0.354,1.17,1.29,0.274,1.25,4.0,6.5779999999999985,0,0,1,0,0,0,0,0,0,0,0,0,0,0,0,0,0,0,0,0,0,0,0,0,0,0,0,0,0,0,0,0
0.9570000000000001,4.742,33.4,3.414,0.144,0.85,0.4462,0.44400000000000006,0.3602,0.932,1.9700000000000002,0.2886,1.336,8.6,7.742,0,0,0,0,0,0,0,0,0,0,0,0,0,0,0,0,0,0,0,0,0,0,0,0,0,0,0,0,0,0,1,0
0.944,4.41,51.0,3.69,0.16,0.63,0.395,0.2,0.35,1.0,1.93,0.265,1.31,2.0,6.67,0,0,0,0,0,0,0,0,0,0,0,0,0,0,0,0,1,0,0,0,0,0,0,0,0,0,0,0,0,0,0,0
0.958,4.06,42.0,5.0,0.17,0.37,0.375,0.44,0.34,1.61,1.05,0.278,1.22,2.0,6.710000000000001,0,0,0,0,0,0,0,0,0,0,0,0,0,0,0,0,0,0,1,0,0,0,0,0,0,0,0,0,0,0,0,0
0.949,4.48,20.0,5.06,0.21,0.83,0.455,0.33,0.354,0.42,0.99,0.294,1.37,3.0,6.578,0,0,0,1,0,0,0,0,0,0,0,0,0,0,0,0,0,0,0,0,0,0,0,0,0,0,0,0,0,0,0,0
0.948,4.8,24.0,3.29,0.21,0.66,0.424,0.25,0.353,1.61,1.98,0.28,1.5,8.0,6.706,0,0,0,0,0,0,0,0,0,0,0,0,0,0,0,0,0,0,0,0,0,0,0,0,0,0,0,0,0,0,1,0
0.96,3.48,14.0,5.59,0.09,0.36,0.319,0.52,0.324,1.16,0.69,0.233,0.91,2.0,6.6579999999999995,0,0,0,0,0,0,0,0,0,0,0,0,0,0,0,0,0,0,0,0,0,0,0,0,0,0,0,0,0,1,0,0
0.967,4.33,22.0,4.36,0.2,0.49,0.413,0.33,0.355,0.51,1.45,0.292,1.57,3.0,6.578,0,0,0,0,0,0,1,0,0,0,0,0,0,0,0,0,0,0,0,0,0,0,0,0,0,0,0,0,0,0,0,0
0.962,3.13,32.0,4.23,0.15,0.35,0.335,0.27,0.32,0.62,1.2,0.249,0.85,3.0,6.644,0,0,0,0,0,0,0,1,0,0,0,0,0,0,0,0,0,0,0,0,0,0,0,0,0,0,0,0,0,0,0,0
0.957,6.33,24.0,4.34,0.1,1.12,0.503,0.27,0.399,0.77,1.08,0.32,1.63,6.0,6.624,0,0,0,0,0,0,0,0,0,0,0,1,0,0,0,0,0,0,0,0,0,0,0,0,0,0,0,0,0,0,0,0
0.961,4.14,30.0,3.12,0.09,0.32,0.353,0.27,0.34,1.18,1.76,0.266,1.16,6.0,6.634,0,0,0,0,0,0,0,0,0,0,0,0,0,0,0,0,0,0,0,0,0,0,0,1,0,0,0,0,0,0,0,0
0.952,3.17,20.0,2.88,0.1,0.23,0.308,0.35,0.32,0.63,2.82,0.242,0.83,7.0,7.324000000000001,0,0,0,1,0,0,0,0,0,0,0,0,0,0,0,0,0,0,0,0,0,0,0,0,0,0,0,0,0,0,0,0
0.959,4.72,18.0,3.15,0.15,0.56,0.448,0.21,0.387,1.1,1.41,0.321,1.49,7.0,6.698,0,0,0,0,0,0,0,0,0,0,0,0,0,1,0,0,0,0,0,0,0,0,0,0,0,0,0,0,0,0,0,0
0.959,3.18,42.0,4.56,0.12,0.61,0.342,0.27,0.328,1.55,1.3,0.23,0.96,1.0,6.742,0,0,0,0,0,0,0,0,0,0,0,0,0,0,0,0,0,0,1,0,0,0,0,0,0,0,0,0,0,0,0,0
0.961,3.3,29.0,5.37,0.11,0.47,0.325,0.38,0.305,0.53,1.06,0.219,0.96,6.0,6.656000000000001,0,0,0,0,0,0,0,0,0,0,0,0,0,0,0,0,0,0,1,0,0,0,0,0,0,0,0,0,0,0,0,0
0.957,3.74,46.0,4.64,0.13,0.74,0.379,0.47,0.319,0.26,0.89,0.237,1.13,2.0,6.575999999999999,0,0,0,0,0,0,0,0,0,0,0,0,0,0,0,0,0,0,0,0,0,0,0,0,0,0,1,0,0,0,0,0
0.959,5.49,22.0,3.37,0.21,0.6,0.431,0.23,0.395,1.43,1.42,0.304,1.17,5.0,6.668000000000001,0,0,0,0,0,0,0,0,0,0,0,0,0,0,0,0,0,0,0,0,0,0,0,0,0,1,0,0,0,0,0,0
0.945,3.73,23.0,3.68,0.27,0.5,0.39,0.1,0.335,0.81,1.66,0.267,1.12,7.0,6.5920000000000005,0,0,0,0,0,0,0,0,0,0,0,0,0,0,0,0,0,0,0,0,0,0,0,0,0,1,0,0,0,0,0,0
0.951,4.43,26.0,4.15,0.3,0.61,0.431,0.25,0.357,0.27,2.23,0.285,1.54,2.0,6.476000000000001,0,0,0,0,0,0,1,0,0,0,0,0,0,0,0,0,0,0,0,0,0,0,0,0,0,0,0,0,0,0,0,0
0.945,3.02,37.0,4.24,0.12,0.39,0.344,0.33,0.318,0.51,1.25,0.244,1.04,6.0,6.901999999999999,0,0,0,0,0,0,0,0,0,0,0,0,0,0,0,0,0,0,0,0,0,0,0,0,0,0,0,0,0,0,0,1
0.963,4.0,14.0,3.21,0.16,0.34,0.376,0.26,0.355,0.86,1.45,0.29,0.98,7.0,6.634,0,0,0,0,0,0,0,0,0,0,0,0,0,0,0,1,0,0,0,0,0,0,0,0,0,0,0,0,0,0,0,0
0.945,4.3,23.0,5.55,0.09,0.83,0.443,0.59,0.357,0.67,0.89,0.286,1.46,2.0,6.578,0,0,0,0,0,0,0,0,0,0,0,0,0,0,0,0,0,0,0,0,0,0,0,0,0,0,0,0,0,0,1,0
0.946,3.85,59.0,4.61,0.09,0.6,0.384,0.25,0.326,1.0,0.94,0.26,1.35,4.0,6.616,0,0,0,0,0,0,0,0,0,0,0,0,0,0,0,0,0,0,0,0,0,1,0,0,0,0,0,0,0,0,0,0
0.958,3.29,18.0,3.52,0.06,0.46,0.348,0.33,0.32,1.13,1.91,0.252,1.06,4.0,6.878,0,0,0,0,0,1,0,0,0,0,0,0,0,0,0,0,0,0,0,0,0,0,0,0,0,0,0,0,0,0,0,0
0.955,3.55,39.0,6.7,0.1,0.51,0.367,0.08,0.334,1.1,0.88,0.248,1.16,1.0,6.566000000000001,0,0,0,0,0,1,0,0,0,0,0,0,0,0,0,0,0,0,0,0,0,0,0,0,0,0,0,0,0,0,0,0
0.957,3.79,33.0,4.07,0.21,0.36,0.349,0.41,0.329,0.66,1.23,0.25,1.16,4.8,6.655999999999999,0,0,0,0,0,0,0,0,0,0,0,0,0,0,0,0,0,0,0,0,0,0,0,0,0,0,0,0,1,0,0,0
0.946,3.05,22.0,4.25,0.14,0.31,0.328,0.4,0.325,0.83,1.09,0.249,0.83,2.0,7.05,0,0,0,0,0,0,0,0,0,0,0,0,0,0,0,0,0,0,0,0,0,1,0,0,0,0,0,0,0,0,0,0
0.949,2.63,20.0,5.39,0.06,0.33,0.302,0.26,0.31,0.57,0.72,0.223,0.91,1.0,6.752,0,0,0,0,0,0,0,0,0,0,0,0,0,0,0,0,0,0,0,0,0,0,0,0,0,0,0,0,0,1,0,0
0.947,3.86,29.0,4.54,0.18,0.55,0.388,0.52,0.348,1.23,0.89,0.263,1.25,1.0,6.688,0,0,0,0,0,0,0,0,0,0,0,0,0,0,0,0,0,0,0,0,0,0,0,0,0,0,0,1,0,0,0,0
0.957,3.89,51.0,3.21,0.07,0.58,0.405,0.16,0.343,0.49,1.61,0.275,1.64,5.0,6.901999999999999,0,0,0,0,0,0,0,0,0,0,0,0,0,0,0,0,0,0,0,0,1,0,0,0,0,0,0,0,0,0,0,0
0.965,3.45,28.0,3.97,0.06,0.4,0.361,0.26,0.34,0.51,1.35,0.265,1.15,6.0,6.7,0,0,0,0,0,0,0,0,0,0,0,0,0,0,0,1,0,0,0,0,0,0,0,0,0,0,0,0,0,0,0,0
0.952,4.45,33.0,5.48,0.35,0.65,0.423,0.28,0.347,1.35,0.89,0.285,1.03,3.0,6.541999999999999,0,0,0,0,0,0,0,0,0,0,0,0,0,1,0,0,0,0,0,0,0,0,0,0,0,0,0,0,0,0,0,0
0.957,2.91,34.0,3.35,0.09,0.56,0.342,0.17,0.32,0.37,2.38,0.236,0.94,9.0,6.846000000000001,0,0,0,0,0,0,0,0,0,0,0,0,1,0,0,0,0,0,0,0,0,0,0,0,0,0,0,0,0,0,0,0
0.96,3.21,21.0,5.7,0.15,0.32,0.327,0.32,0.311,0.6,1.56,0.234,1.06,2.0,6.566,0,0,0,0,0,0,1,0,0,0,0,0,0,0,0,0,0,0,0,0,0,0,0,0,0,0,0,0,0,0,0,0
0.958,3.31,30.0,3.66,0.11,0.25,0.326,0.42,0.322,0.71,1.48,0.253,1.04,5.0,6.784000000000001,0,0,0,0,0,0,0,0,0,0,0,0,1,0,0,0,0,0,0,0,0,0,0,0,0,0,0,0,0,0,0,0
0.937,4.21,32.0,4.27,0.38,0.23,0.364,0.42,0.336,2.35,1.49,0.261,1.02,4.0,6.426,0,0,0,0,0,0,0,1,0,0,0,0,0,0,0,0,0,0,0,0,0,0,0,0,0,0,0,0,0,0,0,0
0.951,2.31,29.0,4.76,0.1,0.14,0.277,0.27,0.301,0.69,1.09,0.223,0.73,5.0,6.902000000000001,0,0,0,0,0,0,0,0,0,0,0,0,0,0,0,0,0,0,0,0,0,0,0,0,0,0,0,0,0,0,0,1
0.959,2.62,44.0,4.45,0.19,0.06,0.305,0.23,0.309,0.33,1.23,0.257,0.73,1.0,6.796000000000001,0,0,0,0,0,0,0,0,0,1,0,0,0,0,0,0,0,0,0,0,0,0,0,0,0,0,0,0,0,0,0,0
0.941,5.06,34.0,3.65,0.24,0.43,0.42,0.24,0.37,1.27,0.9,0.303,1.41,3.0,6.5920000000000005,0,0,0,0,0,0,0,0,0,0,0,0,0,0,0,0,0,0,0,0,0,0,0,0,0,1,0,0,0,0,0,0
0.947,3.37,22.0,2.61,0.07,0.35,0.336,0.24,0.316,0.24,3.1,0.247,1.24,7.0,7.306,0,0,0,0,0,0,0,0,0,0,0,0,0,0,0,1,0,0,0,0,0,0,0,0,0,0,0,0,0,0,0,0
0.961,3.39,34.0,4.56,0.08,0.31,0.358,0.33,0.357,0.37,2.02,0.266,1.18,2.0,6.656000000000001,0,0,0,0,0,0,0,0,0,0,0,0,0,0,0,0,0,0,0,0,0,0,0,0,0,0,0,0,0,0,0,1
0.96,3.58,35.0,5.06,0.16,0.14,0.351,0.44,0.355,0.96,0.5,0.269,1.34,1.0,6.678,0,0,0,0,0,0,0,0,0,0,0,0,0,0,0,0,0,0,0,0,0,0,0,0,0,0,0,0,0,0,0,1
0.964,2.93,26.0,4.03,0.2,0.27,0.303,0.09,0.314,1.51,1.52,0.223,0.82,3.0,6.784000000000001,0,0,0,0,0,0,0,0,0,0,0,0,0,0,0,0,0,0,0,0,1,0,0,0,0,0,0,0,0,0,0,0
0.951,5.09,20.0,3.51,0.17,0.69,0.443,0.39,0.366,1.09,1.44,0.3,1.5,4.0,6.5920000000000005,0,0,0,0,0,0,0,0,0,0,0,0,0,0,0,0,0,0,0,0,1,0,0,0,0,0,0,0,0,0,0,0
0.96,3.68,16.0,5.29,0.1,0.22,0.349,0.15,0.351,1.17,1.19,0.275,0.93,7.0,6.6579999999999995,0,0,0,0,0,0,0,0,0,0,0,0,0,1,0,0,0,0,0,0,0,0,0,0,0,0,0,0,0,0,0,0
0.97,4.38,18.0,4.14,0.18,0.46,0.391,0.44,0.377,0.72,1.47,0.273,1.44,5.0,6.476000000000001,0,0,0,0,0,0,0,0,0,0,0,0,0,0,0,1,0,0,0,0,0,0,0,0,0,0,0,0,0,0,0,0
0.944,4.44,18.0,2.67,0.09,0.58,0.386,0.42,0.345,2.0,2.07,0.27,1.2,8.0,7.624,0,0,0,0,0,0,0,0,0,0,0,0,0,0,0,0,0,1,0,0,0,0,0,0,0,0,0,0,0,0,0,0
0.937,4.15,34.0,4.02,0.11,0.27,0.35,0.18,0.347,1.18,1.75,0.264,1.25,2.0,6.688,0,0,0,0,0,0,0,0,0,0,0,0,1,0,0,0,0,0,0,0,0,0,0,0,0,0,0,0,0,0,0,0
0.966,3.65,12.0,5.43,0.25,0.39,0.347,0.16,0.304,0.57,0.93,0.247,0.9,3.0,6.656000000000001,0,0,1,0,0,0,0,0,0,0,0,0,0,0,0,0,0,0,0,0,0,0,0,0,0,0,0,0,0,0,0,0
0.939,2.12,39.0,6.01,0.14,0.22,0.295,0.53,0.289,0.96,0.83,0.223,0.82,2.0,6.662000000000001,0,0,0,0,0,0,0,0,0,0,0,0,0,0,0,0,0,0,0,0,0,0,0,0,0,0,0,1,0,0,0,0
0.954,4.04,17.0,5.73,0.09,0.52,0.364,0.25,0.338,0.5,1.02,0.257,1.11,4.0,6.678,0,0,0,0,0,0,0,0,0,0,0,0,1,0,0,0,0,0,0,0,0,0,0,0,0,0,0,0,0,0,0,0
0.949,2.71,22.0,4.5,0.04,0.27,0.314,0.49,0.32,0.65,0.51,0.24,1.0,2.8,6.796000000000001,0,0,0,0,0,0,0,0,0,0,0,0,0,0,0,0,0,0,0,0,0,0,0,0,0,0,0,0,1,0,0,0
0.948,3.1,18.0,4.35,0.22,0.51,0.353,0.29,0.298,0.56,1.5,0.231,1.22,1.0,6.742,0,0,1,0,0,0,0,0,0,0,0,0,0,0,0,0,0,0,0,0,0,0,0,0,0,0,0,0,0,0,0,0
0.961,3.79,27.0,3.76,0.28,0.33,0.375,0.35,0.342,0.88,1.83,0.281,0.98,3.0,6.731999999999999,0,0,0,0,0,0,0,0,0,0,0,0,0,1,0,0,0,0,0,0,0,0,0,0,0,0,0,0,0,0,0,0
0.954,4.71,18.0,5.38,0.24,0.43,0.402,0.22,0.369,0.71,1.48,0.292,1.37,2.0,6.578,0,0,0,0,0,0,0,0,0,0,0,0,1,0,0,0,0,0,0,0,0,0,0,0,0,0,0,0,0,0,0,0
0.955,3.34,63.0,4.65,0.28,0.3,0.329,0.7,0.306,0.72,0.86,0.247,0.68,2.0,6.656000000000001,0,0,0,0,0,0,0,0,0,0,0,0,0,0,0,0,0,0,0,0,0,0,0,0,0,0,0,0,0,0,1,0
0.947,3.78,29.0,4.67,0.16,0.4,0.364,0.24,0.324,1.89,0.98,0.263,1.13,2.0,6.508,0,0,0,0,0,0,0,0,0,0,0,0,0,0,0,1,0,0,0,0,0,0,0,0,0,0,0,0,0,0,0,0
0.944,3.81,19.0,4.97,0.09,0.79,0.394,0.26,0.351,0.86,1.47,0.241,1.37,4.2,6.655999999999999,0,0,0,0,0,0,0,0,0,0,0,0,0,0,0,0,1,0,0,0,0,0,0,0,0,0,0,0,0,0,0,0
0.953,3.35,20.0,3.57,0.07,0.72,0.398,0.2,0.341,0.8,1.77,0.26,1.26,8.0,6.824000000000001,0,0,0,1,0,0,0,0,0,0,0,0,0,0,0,0,0,0,0,0,0,0,0,0,0,0,0,0,0,0,0,0
0.95,4.17,40.0,5.94,0.04,0.61,0.397,0.26,0.329,2.48,1.27,0.271,1.24,5.0,6.720000000000001,0,0,0,0,0,0,0,0,0,0,0,0,0,0,0,0,1,0,0,0,0,0,0,0,0,0,0,0,0,0,0,0
0.949,3.18,25.0,5.01,0.06,0.57,0.353,0.31,0.295,0.41,1.05,0.24,1.06,2.0,6.656000000000001,0,0,0,0,0,0,0,0,0,0,0,0,0,0,0,0,0,0,0,0,1,0,0,0,0,0,0,0,0,0,0,0
0.954,4.38,24.0,3.63,0.12,0.52,0.389,0.17,0.341,0.83,1.25,0.272,1.38,5.0,6.476000000000001,0,0,0,0,0,0,0,0,0,0,0,0,0,0,0,0,0,0,0,0,0,0,0,0,0,1,0,0,0,0,0,0
0.956,2.44,32.0,5.84,0.1,0.42,0.284,0.08,0.284,0.35,0.79,0.206,0.5,3.0,6.662000000000001,0,0,0,0,0,0,0,0,0,0,0,0,0,0,0,0,0,0,0,0,0,0,0,0,0,0,0,1,0,0,0,0
0.952,3.26,40.0,5.56,0.06,0.28,0.321,0.21,0.318,1.42,0.58,0.253,0.79,2.4,6.467999999999999,0,0,0,0,0,0,0,1,0,0,0,0,0,0,0,0,0,0,0,0,0,0,0,0,0,0,0,0,0,0,0,0
0.958,4.04,37.0,4.12,0.12,0.43,0.354,0.22,0.329,1.88,1.58,0.263,0.8,6.0,6.508,0,0,0,0,0,0,0,0,0,0,0,0,0,0,0,0,0,1,0,0,0,0,0,0,0,0,0,0,0,0,0,0
0.95,3.2,32.0,4.07,0.04,0.44,0.338,0.18,0.317,0.36,1.74,0.236,1.18,3.0,6.792,0,0,0,0,0,0,0,0,0,0,0,0,0,0,0,1,0,0,0,0,0,0,0,0,0,0,0,0,0,0,0,0
0.961,4.73,27.0,4.49,0.12,0.71,0.412,0.27,0.349,1.2,1.06,0.273,1.51,2.0,6.58,0,0,0,0,0,0,0,0,0,0,0,0,0,0,0,0,0,0,0,0,1,0,0,0,0,0,0,0,0,0,0,0
0.953,4.27,20.0,6.37,0.07,0.36,0.359,0.39,0.347,0.86,1.21,0.279,0.84,2.0,6.566,0,0,0,0,0,0,0,0,0,0,0,0,0,0,0,0,0,0,0,0,1,0,0,0,0,0,0,0,0,0,0,0
0.933,4.45,28.0,3.98,0.24,0.18,0.369,0.18,0.37,1.03,1.58,0.279,1.32,3.0,6.578,0,0,0,0,0,0,0,0,0,0,0,0,0,0,0,0,0,0,0,0,0,0,0,0,0,1,0,0,0,0,0,0
0.961,2.61,28.0,3.31,0.31,0.14,0.285,0.08,0.274,0.35,3.47,0.21,0.92,4.0,6.902000000000001,0,0,0,0,0,0,0,0,0,0,0,0,0,0,0,0,0,0,0,0,0,0,0,1,0,0,0,0,0,0,0,0
0.957,3.31,15.0,4.67,0.16,0.47,0.351,0.2,0.302,0.37,1.27,0.235,1.37,3.0,6.656000000000001,0,0,0,0,0,0,0,0,0,0,0,0,1,0,0,0,0,0,0,0,0,0,0,0,0,0,0,0,0,0,0,0
0.955,2.53,35.0,6.8,0.02,0.4,0.311,0.43,0.292,0.4,0.61,0.215,1.11,2.2,6.566000000000001,0,0,0,0,0,0,0,0,0,0,0,0,0,0,0,0,0,0,0,0,0,0,0,0,0,0,0,0,1,0,0,0
0.941,5.04,17.0,4.72,0.22,0.37,0.385,0.35,0.36,1.59,1.05,0.276,1.17,7.0,6.8340000000000005,0,0,0,0,0,0,0,0,0,0,0,0,0,0,0,0,0,1,0,0,0,0,0,0,0,0,0,0,0,0,0,0
0.943,3.51,16.0,4.13,0.07,0.51,0.335,0.29,0.307,0.56,1.16,0.24,0.85,1.0,6.742,0,0,0,0,0,0,0,0,0,0,0,0,1,0,0,0,0,0,0,0,0,0,0,0,0,0,0,0,0,0,0,0
0.946,3.1,23.0,5.65,0.13,0.31,0.326,0.28,0.306,0.46,0.53,0.239,1.05,1.0,6.566,0,0,0,0,0,0,0,0,0,0,0,0,0,0,0,0,0,0,0,0,0,0,0,0,0,1,0,0,0,0,0,0
0.959,3.3,22.0,3.86,0.12,0.22,0.31,0.26,0.321,0.78,0.88,0.229,1.16,8.0,6.784000000000001,0,0,0,0,0,0,0,0,0,0,0,0,0,0,0,1,0,0,0,0,0,0,0,0,0,0,0,0,0,0,0,0
0.958,2.24,36.0,5.0,0.1,0.14,0.274,0.47,0.273,0.43,1.11,0.208,1.0,4.4,6.796000000000001,0,0,0,0,0,0,0,0,0,0,0,0,0,0,0,0,0,0,0,0,0,0,0,1,0,0,0,0,0,0,0,0
0.928,3.0,25.0,5.55,0.23,0.15,0.272,0.17,0.32,1.04,1.23,0.206,0.64,2.6,6.6579999999999995,0,0,0,0,0,0,0,0,0,0,0,0,0,0,0,0,0,0,0,0,0,0,0,0,0,1,0,0,0,0,0,0
0.968,3.13,25.0,3.98,0.13,0.41,0.335,0.26,0.309,0.85,1.18,0.227,1.26,2.0,6.784000000000001,0,0,0,0,0,0,0,0,0,0,0,0,0,1,0,0,0,0,0,0,0,0,0,0,0,0,0,0,0,0,0,0
0.948,4.65,27.0,5.51,0.19,0.33,0.399,0.25,0.352,1.6,1.25,0.289,1.6,3.0,6.831999999999999,0,0,0,0,0,0,0,0,0,0,0,0,0,0,0,0,0,1,0,0,0,0,0,0,0,0,0,0,0,0,0,0
0.969,2.45,43.0,4.06,0.1,0.14,0.272,0.18,0.278,0.47,1.72,0.214,0.84,3.0,6.802000000000001,0,0,0,0,0,0,0,0,0,0,0,0,0,0,0,0,0,0,0,0,1,0,0,0,0,0,0,0,0,0,0,0
0.938,3.49,39.0,4.57,0.07,0.67,0.368,0.36,0.306,0.47,1.49,0.241,1.16,1.0,6.656000000000001,0,0,0,1,0,0,0,0,0,0,0,0,0,0,0,0,0,0,0,0,0,0,0,0,0,0,0,0,0,0,0,0
0.932,2.31,38.0,9.82,0.11,0.4,0.293,0.11,0.279,1.02,0.56,0.197,0.71,1.0,6.566000000000001,0,0,0,0,0,0,0,0,0,0,0,0,0,0,0,0,0,0,0,0,0,1,0,0,0,0,0,0,0,0,0,0
0.951,3.3,24.0,7.69,0.04,0.67,0.397,0.33,0.327,0.22,0.69,0.255,1.39,1.6,6.566,0,0,0,0,0,0,0,0,0,0,0,0,0,1,0,0,0,0,0,0,0,0,0,0,0,0,0,0,0,0,0,0
0.921,2.98,21.0,5.32,0.096,0.18,0.302,0.3,0.314,0.6,1.36,0.242,0.95,4.0,6.656000000000001,0,0,0,0,0,0,0,0,0,0,0,0,0,0,0,0,0,1,0,0,0,0,0,0,0,0,0,0,0,0,0,0
0.951,3.38,20.0,5.51,0.24,0.14,0.324,0.38,0.302,0.95,0.87,0.253,0.9,2.0,6.6579999999999995,0,0,0,0,0,0,0,0,0,0,0,0,0,0,0,0,0,1,0,0,0,0,0,0,0,0,0,0,0,0,0,0
0.957,2.3,28.0,6.22,0.074,0.3,0.294,0.28,0.293,0.22,1.01,0.219,0.98,2.0,6.662000000000001,0,0,0,0,0,0,0,0,0,0,0,0,0,0,0,1,0,0,0,0,0,0,0,0,0,0,0,0,0,0,0,0
0.948,3.95,32.0,6.78,0.13,0.55,0.393,0.5,0.336,0.6,0.49,0.275,1.25,2.4,6.566,0,0,0,0,0,0,1,0,0,0,0,0,0,0,0,0,0,0,0,0,0,0,0,0,0,0,0,0,0,0,0,0
0.941,2.37,16.0,6.23,0.07,0.17,0.28,0.34,0.299,0.41,1.03,0.214,0.88,3.2,6.662000000000001,0,0,0,0,0,0,0,0,0,0,0,0,0,0,0,0,0,1,0,0,0,0,0,0,0,0,0,0,0,0,0,0
0.94,3.56,16.0,4.53,0.08,0.42,0.335,0.08,0.34,1.5,0.81,0.248,0.81,1.0,6.6579999999999995,0,0,0,0,0,0,0,0,0,0,0,0,0,0,0,0,0,1,0,0,0,0,0,0,0,0,0,0,0,0,0,0
0.942,3.0,29.0,6.63,0.16,0.31,0.332,0.24,0.316,1.22,0.99,0.24,1.04,3.4,6.566000000000001,0,0,0,1,0,0,0,0,0,0,0,0,0,0,0,0,0,0,0,0,0,0,0,0,0,0,0,0,0,0,0,0
0.946,5.08,17.0,5.98,0.13,0.59,0.395,0.23,0.367,2.28,0.52,0.266,1.13,1.0,6.8340000000000005,0,0,0,0,0,0,0,0,0,0,0,0,0,0,0,0,0,0,0,0,0,0,0,0,0,1,0,0,0,0,0,0
0.908,2.13,14.0,6.71,0.24,0.13,0.264,0.16,0.262,0.5,1.23,0.193,0.76,1.0,6.662000000000001,0,0,0,0,0,0,0,0,0,0,0,0,0,0,0,0,0,0,0,0,0,0,0,0,0,1,0,0,0,0,0,0
0.925,2.85,27.0,7.47,0.03,0.15,0.305,0.28,0.318,1.05,0.76,0.231,1.18,1.0,6.566000000000001,0,0,0,0,0,0,0,0,0,0,0,0,0,0,0,0,0,1,0,0,0,0,0,0,0,0,0,0,0,0,0,0
0.93,2.54,14.0,3.64,0.06,0.09,0.269,0.11,0.31,1.37,1.64,0.23,0.6,1.0,6.798,0,0,0,0,0,0,0,0,0,0,0,0,0,0,0,0,0,0,0,0,0,0,0,0,0,1,0,0,0,0,0,0
0.941,2.34,41.0,6.44,0.07,0.36,0.286,0.14,0.266,0.73,0.98,0.197,0.93,1.0,6.662000000000001,0,0,0,0,0,0,0,0,0,0,0,0,0,0,0,1,0,0,0,0,0,0,0,0,0,0,0,0,0,0,0,0
0.93,1.39,21.0,10.98,0.03,0.06,0.242,0.22,0.266,0.42,0.19,0.203,0.58,1.8,6.566000000000001,0,0,0,0,0,0,0,0,0,0,0,0,0,0,0,0,0,1,0,0,0,0,0,0,0,0,0,0,0,0,0,0
